[{"pid":1,"Dept_Tpop":"286664","Country":"Colombia","Department":"Meta","Municpality":"Acacias","Municpality_plain":"Acacias","HASC":"CO.ME.AC","data_date":"1/1/17","program":"null"},
{"pid":2,"Dept_Tpop":"335228","Country":"Colombia","Department":"Cesar","Municpality":"Aguachica","Municpality_plain":"Aguachica","HASC":"CO.CE.AG","data_date":"1/1/17","program":"null"},
{"pid":3,"Dept_Tpop":"1616984","Country":"Colombia","Department":"Antioquia","Municpality":"Apartado","Municpality_plain":"Apartado","HASC":"CO.AN.AP","data_date":"1/1/17","program":"null"},
{"pid":4,"Dept_Tpop":"1616984","Country":"Colombia","Department":"Antioquia","Municpality":"Carepa","Municpality_plain":"Carepa","HASC":"CO.AN.CP","data_date":"1/1/17","program":"null"},
{"pid":5,"Dept_Tpop":"1616984","Country":"Colombia","Department":"Antioquia","Municpality":"Caucasia","Municpality_plain":"Caucasia","HASC":"CO.AN.CU","data_date":"1/1/17","program":"null"},
{"pid":6,"Dept_Tpop":"313423","Country":"Colombia","Department":"Magdalena","Municpality":"Cienaga","Municpality_plain":"Cienaga","HASC":"CO.MA.CI","data_date":"1/1/17","program":"null"},
{"pid":7,"Dept_Tpop":"335228","Country":"Colombia","Department":"Cesar","Municpality":"Curumani","Municpality_plain":"Curumani","HASC":"CO.CE.CU","data_date":"1/1/17","program":"null"},
{"pid":8,"Dept_Tpop":"505893","Country":"Colombia","Department":"Risaralda","Municpality":"Dos Quebradas","Municpality_plain":"Dos Quebradas","HASC":"CO.RI.DO","data_date":"1/1/17","program":"null"},
{"pid":9,"Dept_Tpop":"331321","Country":"Colombia","Department":"Tolima","Municpality":"Espinal","Municpality_plain":"Espinal","HASC":"CO.TO.ES","data_date":"1/1/17","program":"null"},
{"pid":10,"Dept_Tpop":"331321","Country":"Colombia","Department":"Tolima","Municpality":"Flandes","Municpality_plain":"Flandes","HASC":"CO.TO.FL","data_date":"1/1/17","program":"null"},
{"pid":11,"Dept_Tpop":"313423","Country":"Colombia","Department":"Magdalena","Municpality":"Fundacion","Municpality_plain":"Fundacion","HASC":"CO.MA.FU","data_date":"1/1/17","program":"null"},
{"pid":12,"Dept_Tpop":"286664","Country":"Colombia","Department":"Meta","Municpality":"Granada","Municpality_plain":"Granada","HASC":"CO.ME.GR","data_date":"1/1/17","program":"null"},
{"pid":13,"Dept_Tpop":"505893","Country":"Colombia","Department":"Risaralda","Municpality":"La Virginia","Municpality_plain":"La Virginia","HASC":"CO.RI.LV","data_date":"1/1/17","program":"null"},
{"pid":14,"Dept_Tpop":"391160","Country":"Colombia","Department":"Cordoba","Municpality":"Lorica","Municpality_plain":"Lorica","HASC":"CO.CO.LO","data_date":"1/1/17","program":"null"},
{"pid":15,"Dept_Tpop":"391160","Country":"Colombia","Department":"Cordoba","Municpality":"Momil","Municpality_plain":"Momil","HASC":"CO.CO.MM","data_date":"1/1/17","program":"null"},
{"pid":16,"Dept_Tpop":"391160","Country":"Colombia","Department":"Cordoba","Municpality":"Montelibano","Municpality_plain":"Montelibano","HASC":"CO.CO.ML","data_date":"1/1/17","program":"null"},
{"pid":17,"Dept_Tpop":"967259","Country":"Colombia","Department":"Atlántico","Municpality":"Puerto Colombia","Municpality_plain":"Puerto Colombia","HASC":"CO.AT.PC","data_date":"1/1/17","program":"null"},
{"pid":18,"Dept_Tpop":"967259","Country":"Colombia","Department":"Atlántico","Municpality":"Soledad","Municpality_plain":"Soledad","HASC":"CO.AT.SO","data_date":"1/1/17","program":"null"},
{"pid":19,"Dept_Tpop":"1616984","Country":"Colombia","Department":"Antioquia","Municpality":"Turbo","Municpality_plain":"Turbo","HASC":"CO.AN.TU","data_date":"1/1/17","program":"null"},
{"pid":20,"Dept_Tpop":"577607","Country":"Colombia","Department":"Santander","Municpality":"Barrancabermeja","Municpality_plain":"Barrancabermeja","HASC":"CO.ST.BB","data_date":"1/1/17","program":"null"},
{"pid":21,"Dept_Tpop":"967259","Country":"Colombia","Department":"Atlántico","Municpality":"Barranquilla","Municpality_plain":"Barranquilla","HASC":"CO.AT.BQ","data_date":"1/1/17","program":"null"},
{"pid":22,"Dept_Tpop":"577607","Country":"Colombia","Department":"Santander","Municpality":"Bucaramanga","Municpality_plain":"Bucaramanga","HASC":"CO.ST.BU","data_date":"1/1/17","program":"null"},
{"pid":23,"Dept_Tpop":"1457874","Country":"Colombia","Department":"Valle del Cauca","Municpality":"Cali","Municpality_plain":"Cali","HASC":"CO.VC.CL","data_date":"1/1/17","program":"null"},
{"pid":24,"Dept_Tpop":"1457874","Country":"Colombia","Department":"Valle del Cauca","Municpality":"Cartago","Municpality_plain":"Cartago","HASC":"CO.VC.CR","data_date":"1/1/17","program":"null"},
{"pid":25,"Dept_Tpop":"1616984","Country":"Colombia","Department":"Antioquia","Municpality":"Chigorodó","Municpality_plain":"Chigorodo","HASC":"CO.AN.CH","data_date":"1/1/17","program":"null"},
{"pid":26,"Dept_Tpop":"577607","Country":"Colombia","Department":"Santander","Municpality":"Floridablanca","Municpality_plain":"Floridablanca","HASC":"CO.ST.FL","data_date":"1/1/17","program":"null"},
{"pid":27,"Dept_Tpop":"331321","Country":"Colombia","Department":"Tolima","Municpality":"Ibague","Municpality_plain":"Ibague","HASC":"CO.TO.IB","data_date":"1/1/17","program":"null"},
{"pid":28,"Dept_Tpop":"1616984","Country":"Colombia","Department":"Antioquia","Municpality":"Medellin","Municpality_plain":"Medellin","HASC":"CO.AN.ME","data_date":"1/1/17","program":"null"},
{"pid":29,"Dept_Tpop":"391160","Country":"Colombia","Department":"Cordoba","Municpality":"Monteria","Municpality_plain":"Monteria","HASC":"CO.CO.MR","data_date":"1/1/17","program":"null"},
{"pid":30,"Dept_Tpop":"1457874","Country":"Colombia","Department":"Valle del Cauca","Municpality":"Palmira","Municpality_plain":"Palmira","HASC":"CO.VC.PA","data_date":"1/1/17","program":"null"},
{"pid":31,"Dept_Tpop":"505893","Country":"Colombia","Department":"Risaralda","Municpality":"Pereira","Municpality_plain":"Pereira","HASC":"CO.RI.PE","data_date":"1/1/17","program":"null"},
{"pid":32,"Dept_Tpop":"313423","Country":"Colombia","Department":"Magdalena","Municpality":"Sta Marta","Municpality_plain":"Sta Marta","HASC":"CO.MA.SM","data_date":"1/1/17","program":"null"},
{"pid":33,"Dept_Tpop":"335228","Country":"Colombia","Department":"Cesar","Municpality":"Valledupar","Municpality_plain":"Valledupar","HASC":"CO.CE.VA","data_date":"1/1/17","program":"null"},
{"pid":34,"Dept_Tpop":"286664","Country":"Colombia","Department":"Meta","Municpality":"Villavicencio","Municpality_plain":"Villavicencio","HASC":"CO.ME.VV","data_date":"1/1/17","program":"null"},
{"pid":35,"Dept_Tpop":"111202","Country":"Dominican Republic","Department":"Puerto Plata","Municpality":"Alta Mira","Municpality_plain":"Alta Mira","HASC":"DO.PP.AL","data_date":"1/1/17","program":"null"},
{"pid":36,"Dept_Tpop":"1082625","Country":"Dominican Republic","Department":"Santa Domingo","Municpality":"Boca Chica","Municpality_plain":"Boca Chica","HASC":"DO.SD.BC","data_date":"1/1/17","program":"null"},
{"pid":37,"Dept_Tpop":"354022","Country":"Dominican Republic","Department":"San Cristobal","Municpality":"Cambita G","Municpality_plain":"Cambita G","HASC":"DO.CR.CG","data_date":"1/1/17","program":"null"},
{"pid":38,"Dept_Tpop":"147187","Country":"Dominican Republic","Department":"La Vega","Municpality":"Constanza","Municpality_plain":"Constanza","HASC":"DO.VE.CO","data_date":"1/1/17","program":"null"},
{"pid":39,"Dept_Tpop":"160552","Country":"Dominican Republic","Department":"Azua","Municpality":"Estebania","Municpality_plain":"Estebania","HASC":"DO.AZ.ES","data_date":"1/1/17","program":"null"},
{"pid":40,"Dept_Tpop":"122717","Country":"Dominican Republic","Department":"La Romana","Municpality":"Guaimate","Municpality_plain":"Guaymate","HASC":"DO.RO.GU","data_date":"1/1/17","program":"null"},
{"pid":41,"Dept_Tpop":"482520","Country":"Dominican Republic","Department":"Distrito Nacional","Municpality":"Gualey","Municpality_plain":"Gualey","HASC":"","data_date":"1/1/17","program":"null"},
{"pid":42,"Dept_Tpop":"482520","Country":"Dominican Republic","Department":"Distrito Nacional","Municpality":"Guaricano","Municpality_plain":"Guaricano","HASC":"","data_date":"1/1/17","program":"null"},
{"pid":43,"Dept_Tpop":"160552","Country":"Dominican Republic","Department":"Azua","Municpality":"Guayabal","Municpality_plain":"Guayabal","HASC":"DO.AZ.GU","data_date":"1/1/17","program":"null"},
{"pid":44,"Dept_Tpop":"111202","Country":"Dominican Republic","Department":"Puerto Plata","Municpality":"Imbert","Municpality_plain":"Imbert","HASC":"DO.PP.IM","data_date":"1/1/17","program":"null"},
{"pid":45,"Dept_Tpop":"147187","Country":"Dominican Republic","Department":"La Vega","Municpality":"Jarabaco","Municpality_plain":"Jarabaco","HASC":"DO.VE.JB","data_date":"1/1/17","program":"null"},
{"pid":46,"Dept_Tpop":"147187","Country":"Dominican Republic","Department":"La Vega","Municpality":"Jima Abajo","Municpality_plain":"Jima Abajo","HASC":"DO.VE.JA","data_date":"1/1/17","program":"null"},
{"pid":47,"Dept_Tpop":"908890","Country":"Dominican Republic","Department":"Santiago","Municpality":"Jonico","Municpality_plain":"Jonico","HASC":"DO.ST.JA","data_date":"1/1/17","program":"null"},
{"pid":48,"Dept_Tpop":"908890","Country":"Dominican Republic","Department":"Santiago","Municpality":"Licey Al Medio","Municpality_plain":"Licey Al Medio","HASC":"DO.ST.LM","data_date":"1/1/17","program":"null"},
{"pid":49,"Dept_Tpop":"1082625","Country":"Dominican Republic","Department":"Santa Domingo","Municpality":"Los Alcarrizo","Municpality_plain":"Los Alcarrizos","HASC":"DO.SD.LA","data_date":"1/1/17","program":"null"},
{"pid":50,"Dept_Tpop":"354022","Country":"Dominican Republic","Department":"San Cristobal","Municpality":"Los Cacaos","Municpality_plain":"Los Cacaos","HASC":"DO.CR.LC","data_date":"1/1/17","program":"null"},
{"pid":51,"Dept_Tpop":"111202","Country":"Dominican Republic","Department":"Puerto Plata","Municpality":"Los Hidalgos","Municpality_plain":"Los Hidalgos","HASC":"DO.PP.LH","data_date":"1/1/17","program":"null"},
{"pid":52,"Dept_Tpop":"111202","Country":"Dominican Republic","Department":"Puerto Plata","Municpality":"Luperon","Municpality_plain":"Luperon","HASC":"DO.PP.LU","data_date":"1/1/17","program":"null"},
{"pid":53,"Dept_Tpop":"160552","Country":"Dominican Republic","Department":"Azua","Municpality":"Padre las Casas","Municpality_plain":"Padre las Casas","HASC":"DO.AZ.PL","data_date":"1/1/17","program":"null"},
{"pid":54,"Dept_Tpop":"160552","Country":"Dominican Republic","Department":"Azua","Municpality":"Peralta","Municpality_plain":"Peralta","HASC":"DO.AZ.PR","data_date":"1/1/17","program":"null"},
{"pid":55,"Dept_Tpop":"160552","Country":"Dominican Republic","Department":"Azua","Municpality":"Pueblo Viejo","Municpality_plain":"Pueblo Viejo","HASC":"DO.AZ.PV","data_date":"1/1/17","program":"null"},
{"pid":56,"Dept_Tpop":"908890","Country":"Dominican Republic","Department":"Santiago","Municpality":"Puñal","Municpality_plain":"Punal","HASC":"DO.ST.PU","data_date":"1/1/17","program":"null"},
{"pid":57,"Dept_Tpop":"1082625","Country":"Dominican Republic","Department":"Santa Domingo","Municpality":"S. Antonio de Guerra","Municpality_plain":"S. Antonio de Guerra","HASC":"DO.SD.GU","data_date":"1/1/17","program":"null"},
{"pid":58,"Dept_Tpop":"354022","Country":"Dominican Republic","Department":"San Cristobal","Municpality":"S. Cristóbal","Municpality_plain":"S. Cristobal","HASC":"DO.CR.SC","data_date":"1/1/17","program":"null"},
{"pid":59,"Dept_Tpop":"1082625","Country":"Dominican Republic","Department":"Santa Domingo","Municpality":"S. Domingo N","Municpality_plain":"S. Domingo N","HASC":"DO.SD.DN","data_date":"1/1/17","program":"null"},
{"pid":60,"Dept_Tpop":"1082625","Country":"Dominican Republic","Department":"Santa Domingo","Municpality":"S. Domingo Oeste","Municpality_plain":"S. Domingo Oeste","HASC":"DO.SD.OE","data_date":"1/1/17","program":"null"},
{"pid":61,"Dept_Tpop":"354022","Country":"Dominican Republic","Department":"San Cristobal","Municpality":"S. Gregorio N","Municpality_plain":"S. Gregorio N","HASC":"DO.CR.NI","data_date":"1/1/17","program":"null"},
{"pid":62,"Dept_Tpop":"908890","Country":"Dominican Republic","Department":"Santiago","Municpality":"S. Jose de Matas","Municpality_plain":"S. Jose de Matas","HASC":"DO.ST.SJ","data_date":"1/1/17","program":"null"},
{"pid":63,"Dept_Tpop":"354022","Country":"Dominican Republic","Department":"San Cristobal","Municpality":"Sabana G. de P","Municpality_plain":"Sabana G. de P","HASC":"DO.CR.SP","data_date":"1/1/17","program":"null"},
{"pid":64,"Dept_Tpop":"908890","Country":"Dominican Republic","Department":"Santiago","Municpality":"Sabana I","Municpality_plain":"Sabana I","HASC":"DO.ST.SI","data_date":"1/1/17","program":"null"},
{"pid":65,"Dept_Tpop":"160552","Country":"Dominican Republic","Department":"Azua","Municpality":"Sabana Yegua","Municpality_plain":"Sabana Yegua","HASC":"DO.AZ.SY","data_date":"1/1/17","program":"null"},
{"pid":66,"Dept_Tpop":"136605","Country":"Dominican Republic","Department":"La Altragracia","Municpality":"San Rafael del Yuma","Municpality_plain":"San Rafael del Yuma","HASC":"DO.AL.SR","data_date":"1/1/17","program":"null"},
{"pid":67,"Dept_Tpop":"111202","Country":"Dominican Republic","Department":"Puerto Plata","Municpality":"Sosua","Municpality_plain":"Sosua","HASC":"DO.PP.SO","data_date":"1/1/17","program":"null"},
{"pid":68,"Dept_Tpop":"908890","Country":"Dominican Republic","Department":"Santiago","Municpality":"Tamboril","Municpality_plain":"Tamboril","HASC":"DO.ST.TA","data_date":"1/1/17","program":"null"},
{"pid":69,"Dept_Tpop":"160552","Country":"Dominican Republic","Department":"Azua","Municpality":"Tarava Arriba","Municpality_plain":"Tarava Arriba","HASC":"DO.AZ.VT","data_date":"1/1/17","program":"null"},
{"pid":70,"Dept_Tpop":"354022","Country":"Dominican Republic","Department":"San Cristobal","Municpality":"V Altragracia","Municpality_plain":"V Altragracia","HASC":"DO.CR.VA","data_date":"1/1/17","program":"null"},
{"pid":71,"Dept_Tpop":"908890","Country":"Dominican Republic","Department":"Santiago","Municpality":"V. Gonzalez","Municpality_plain":"V. Gonzalez","HASC":"DO.ST.VG","data_date":"1/1/17","program":"null"},
{"pid":72,"Dept_Tpop":"122717","Country":"Dominican Republic","Department":"La Romana","Municpality":"Villa Hermosa","Municpality_plain":"Villa Hermosa","HASC":"DO.RO.VH","data_date":"1/1/17","program":"null"},
{"pid":73,"Dept_Tpop":"111202","Country":"Dominican Republic","Department":"Puerto Plata","Municpality":"Villa Hermosa","Municpality_plain":"Villa Hermosa","HASC":"","data_date":"1/1/17","program":"null"},
{"pid":74,"Dept_Tpop":"908890","Country":"Dominican Republic","Department":"Santiago","Municpality":"Visiono","Municpality_plain":"Visiono","HASC":"","data_date":"1/1/17","program":"null"},
{"pid":75,"Dept_Tpop":"354022","Country":"Dominican Republic","Department":"San Cristobal","Municpality":"Yaguate","Municpality_plain":"Yaguate","HASC":"DO.CR.SG","data_date":"1/1/17","program":"null"},
{"pid":76,"Dept_Tpop":"354022","Country":"Dominican Republic","Department":"San Cristobal","Municpality":"Bajos de H","Municpality_plain":"Bajos de H","HASC":"DO.CR.BH","data_date":"1/1/17","program":"null"},
{"pid":77,"Dept_Tpop":"136605","Country":"Dominican Republic","Department":"La Altragracia","Municpality":"Higuey","Municpality_plain":"Higuey","HASC":"DO.AL.HI","data_date":"1/1/17","program":"null"},
{"pid":78,"Dept_Tpop":"122717","Country":"Dominican Republic","Department":"La Romana","Municpality":"La Romano","Municpality_plain":"La Romano","HASC":"DO.RO.LR","data_date":"1/1/17","program":"null"},
{"pid":79,"Dept_Tpop":"147187","Country":"Dominican Republic","Department":"La Vega","Municpality":"La Vega","Municpality_plain":"La Vega","HASC":"DO.VE.CV","data_date":"1/1/17","program":"null"},
{"pid":80,"Dept_Tpop":"160552","Country":"Dominican Republic","Department":"Azua","Municpality":"Las Yayas de V","Municpality_plain":"Las Yayas de V","HASC":"DO.AZ.YV","data_date":"1/1/17","program":"null"},
{"pid":81,"Dept_Tpop":"482520","Country":"Dominican Republic","Department":"Distrito Nacional","Municpality":"Man Guayabo","Municpality_plain":"Man Guayabo","HASC":"DO.AZ.GU","data_date":"1/1/17","program":"null"},
{"pid":82,"Dept_Tpop":"111202","Country":"Dominican Republic","Department":"Puerto Plata","Municpality":"Puerto Plata","Municpality_plain":"Puerto Plata","HASC":"DO.PP.SF","data_date":"1/1/17","program":"null"},
{"pid":83,"Dept_Tpop":"1082625","Country":"Dominican Republic","Department":"Santa Domingo","Municpality":"S. Domingo Este","Municpality_plain":"S. Domingo Este","HASC":"DO.SD.ES","data_date":"1/1/17","program":"null"},
{"pid":84,"Dept_Tpop":"908890","Country":"Dominican Republic","Department":"Santiago","Municpality":"Santiago de C","Municpality_plain":"Santiago de C","HASC":"DO.ST.SG","data_date":"1/1/17","program":"null"},
{"pid":85,"Dept_Tpop":"400591","Country":"El Salvador","Department":"San Miguel","Municpality":"Chinameca","Municpality_plain":"Chinameca","HASC":"SV.SM.CM","data_date":"1/1/17","program":"null"},
{"pid":86,"Dept_Tpop":"400591","Country":"El Salvador","Department":"San Miguel","Municpality":"Ciudad Barrios","Municpality_plain":"Ciudad Barrios","HASC":"SV.SM.CB","data_date":"1/1/17","program":"null"},
{"pid":87,"Dept_Tpop":"192457","Country":"El Salvador","Department":"San Salvador","Municpality":"Ciudad Delgado","Municpality_plain":"Ciudad Delgado","HASC":"SV.SS.DE","data_date":"1/1/17","program":"null"},
{"pid":88,"Dept_Tpop":"198334","Country":"El Salvador","Department":"Sonsonate","Municpality":"Cuisnahuat","Municpality_plain":"Cuisnahuat","HASC":"SV.SO.CU","data_date":"1/1/17","program":"null"},
{"pid":89,"Dept_Tpop":"400591","Country":"El Salvador","Department":"San Miguel","Municpality":"El Tránsito","Municpality_plain":"El Transito","HASC":"SV.SM.ET","data_date":"1/1/17","program":"null"},
{"pid":90,"Dept_Tpop":"87225","Country":"El Salvador","Department":"Cabañas","Municpality":"Guacotecti","Municpality_plain":"Guacotecti","HASC":"SV.CA.GU","data_date":"1/1/17","program":"null"},
{"pid":91,"Dept_Tpop":"132286","Country":"El Salvador","Department":"Ahuachapán","Municpality":"Guaymango","Municpality_plain":"Guaymango","HASC":"SV.AH.GU","data_date":"1/1/17","program":"null"},
{"pid":92,"Dept_Tpop":"198334","Country":"El Salvador","Department":"Sonsonate","Municpality":"Izlco","Municpality_plain":"Izlco","HASC":"SV.SO.IZ","data_date":"1/1/17","program":"null"},
{"pid":93,"Dept_Tpop":"132286","Country":"El Salvador","Department":"Ahuachapán","Municpality":"Jujutla","Municpality_plain":"Jujutla","HASC":"SV.AH.JU","data_date":"1/1/17","program":"null"},
{"pid":94,"Dept_Tpop":"400591","Country":"El Salvador","Department":"San Miguel","Municpality":"Lolotique","Municpality_plain":"Lolotique","HASC":"SV.SM.LO","data_date":"1/1/17","program":"null"},
{"pid":95,"Dept_Tpop":"400591","Country":"El Salvador","Department":"San Miguel","Municpality":"Moncagua","Municpality_plain":"Moncagua","HASC":"SV.SM.MO","data_date":"1/1/17","program":"null"},
{"pid":96,"Dept_Tpop":"174551","Country":"El Salvador","Department":"La Libertad","Municpality":"Nueva Sal Savador","Municpality_plain":"Nueva Sal Savador","HASC":"SV.LI.NS","data_date":"1/1/17","program":"null"},
{"pid":97,"Dept_Tpop":"166995","Country":"El Salvador","Department":"La Paz","Municpality":"Olocuilta","Municpality_plain":"Olocuilta","HASC":"SV.PA.OL","data_date":"1/1/17","program":"null"},
{"pid":98,"Dept_Tpop":"76831","Country":"El Salvador","Department":"Usulután","Municpality":"Puerto El Triunfo","Municpality_plain":"Puerto El Triunfo","HASC":"SV.US.PT","data_date":"1/1/17","program":"null"},
{"pid":99,"Dept_Tpop":"76831","Country":"El Salvador","Department":"Usulután","Municpality":"San Dionisio","Municpality_plain":"San Dionisio","HASC":"SV.US.SD","data_date":"1/1/17","program":"null"},
{"pid":100,"Dept_Tpop":"400591","Country":"El Salvador","Department":"San Miguel","Municpality":"San Jorge","Municpality_plain":"San Jorge","HASC":"SV.SM.SJ","data_date":"1/1/17","program":"null"},
{"pid":101,"Dept_Tpop":"166995","Country":"El Salvador","Department":"La Paz","Municpality":"San Luis Talpa","Municpality_plain":"San Luis Talpa","HASC":"SV.PA.SL","data_date":"1/1/17","program":"null"},
{"pid":102,"Dept_Tpop":"400591","Country":"El Salvador","Department":"San Miguel","Municpality":"San Rafael Oriente","Municpality_plain":"San Rafael Oriente","HASC":"SV.SM.SR","data_date":"1/1/17","program":"null"},
{"pid":103,"Dept_Tpop":"166995","Country":"El Salvador","Department":"La Paz","Municpality":"Santiago Nonualco","Municpality_plain":"Santiago Nonualco","HASC":"SV.PA.ST","data_date":"1/1/17","program":"null"},
{"pid":104,"Dept_Tpop":"198334","Country":"El Salvador","Department":"Sonsonate","Municpality":"Sonzacate","Municpality_plain":"Sonzacate","HASC":"SV.SO.SZ","data_date":"1/1/17","program":"null"},
{"pid":105,"Dept_Tpop":"198334","Country":"El Salvador","Department":"Sonsonate","Municpality":"Sta. Isabel Ishuatán","Municpality_plain":"Sta. Isabel Ishuatan","HASC":"SV.SO.SI","data_date":"1/1/17","program":"null"},
{"pid":106,"Dept_Tpop":"132286","Country":"El Salvador","Department":"Ahuachapán","Municpality":"Tacuba","Municpality_plain":"Tacuba","HASC":"SV.AH.TA","data_date":"1/1/17","program":"null"},
{"pid":107,"Dept_Tpop":"87225","Country":"El Salvador","Department":"Cabañas","Municpality":"Tejutepeque","Municpality_plain":"Tejutepeque","HASC":"SV.CA.TE","data_date":"1/1/17","program":"null"},
{"pid":108,"Dept_Tpop":"87225","Country":"El Salvador","Department":"Cabañas","Municpality":"Ilobasco","Municpality_plain":"Ilobasco","HASC":"SV.CA.IL","data_date":"1/1/17","program":"null"},
{"pid":109,"Dept_Tpop":"76831","Country":"El Salvador","Department":"Usulután","Municpality":"Jiquilisco","Municpality_plain":"Jiquilisco","HASC":"SV.US.JI","data_date":"1/1/17","program":"null"},
{"pid":110,"Dept_Tpop":"198334","Country":"El Salvador","Department":"Sonsonate","Municpality":"Nahuizalco","Municpality_plain":"Nahuizalco","HASC":"SV.SO.NZ","data_date":"1/1/17","program":"null"},
{"pid":111,"Dept_Tpop":"174551","Country":"El Salvador","Department":"La Libertad","Municpality":"Quezaltepeque","Municpality_plain":"Quezaltepeque","HASC":"SV.LI.QU","data_date":"1/1/17","program":"null"},
{"pid":112,"Dept_Tpop":"132286","Country":"El Salvador","Department":"Ahuachapán","Municpality":"San Francisco Menendez","Municpality_plain":"San Francisco Menendez","HASC":"SV.AH.SF","data_date":"1/1/17","program":"null"},
{"pid":113,"Dept_Tpop":"166995","Country":"El Salvador","Department":"La Paz","Municpality":"San Luis La Herradura","Municpality_plain":"San Luis La Herradura","HASC":"SV.PA.SH","data_date":"1/1/17","program":"null"},
{"pid":114,"Dept_Tpop":"192457","Country":"El Salvador","Department":"San Salvador","Municpality":"San Marcos","Municpality_plain":"San Marcos","HASC":"SV.SS.SM","data_date":"1/1/17","program":"null"},
{"pid":115,"Dept_Tpop":"400591","Country":"El Salvador","Department":"San Miguel","Municpality":"San Miguel","Municpality_plain":"San Miguel","HASC":"SV.SM.SM","data_date":"1/1/17","program":"null"},
{"pid":116,"Dept_Tpop":"166995","Country":"El Salvador","Department":"La Paz","Municpality":"San Pedro Masahuat","Municpality_plain":"San Pedro Masahuat","HASC":"SV.PA.SM","data_date":"1/1/17","program":"null"},
{"pid":117,"Dept_Tpop":"53213","Country":"El Salvador","Department":"San Vicente","Municpality":"San Vicente","Municpality_plain":"San Vicente","HASC":"SV.SV.SV","data_date":"1/1/17","program":"null"},
{"pid":118,"Dept_Tpop":"NA","Country":"Guatemala","Department":"Santa Rosa ","Municpality":"Barbarena","Municpality_plain":"Barbarena","HASC":"GT.SR.BA","data_date":"1/1/17","program":"null"},
{"pid":119,"Dept_Tpop":"NA","Country":"Guatemala","Department":"Retalhuleu","Municpality":"Champerico","Municpality_plain":"Champerico","HASC":"GT.RE.CH","data_date":"1/1/17","program":"null"},
{"pid":120,"Dept_Tpop":"NA","Country":"Guatemala","Department":"Quetzaltengango","Municpality":"Coatepeque","Municpality_plain":"Coatepeque","HASC":"GT.QZ.CP","data_date":"1/1/17","program":"null"},
{"pid":121,"Dept_Tpop":"NA","Country":"Guatemala","Department":"Santa Rosa","Municpality":"Cuilapa","Municpality_plain":"Cuilapa","HASC":"GT.SR.CU","data_date":"1/1/17","program":"null"},
{"pid":122,"Dept_Tpop":"NA","Country":"Guatemala","Department":"Quetzaltengango","Municpality":"El Palmar","Municpality_plain":"El Palmar","HASC":"GT.QZ.EP","data_date":"1/1/17","program":"null"},
{"pid":123,"Dept_Tpop":"NA","Country":"Guatemala","Department":"Guatemala","Municpality":"Guatemala City","Municpality_plain":"Guatemala City","HASC":"GT.GU.CG","data_date":"1/1/17","program":"null"},
{"pid":124,"Dept_Tpop":"NA","Country":"Guatemala","Department":"Santa Rosa","Municpality":"Oratorio","Municpality_plain":"Oratorio","HASC":"GT.SR.OR","data_date":"1/1/17","program":"null"},
{"pid":125,"Dept_Tpop":"NA","Country":"Guatemala","Department":"Retalhuleu","Municpality":"Retalhuleu","Municpality_plain":"Retalhuleu","HASC":"GT.RE.RE","data_date":"1/1/17","program":"null"},
{"pid":126,"Dept_Tpop":"NA","Country":"Guatemala","Department":"Suchitepequez","Municpality":"Santo Domingo Suchitepequez","Municpality_plain":"Santo Domingo Suchitepequez","HASC":"GT.SU.DS","data_date":"1/1/17","program":"null"},
{"pid":127,"Dept_Tpop":"NA","Country":"Guatemala","Department":"Suchitepequez","Municpality":"Santo Tomas la Union","Municpality_plain":"Santo Tomas la Union","HASC":"GT.SU.TU","data_date":"1/1/17","program":"null"},
{"pid":128,"Dept_Tpop":"69693","Country":"Honduras","Department":"Olancho","Municpality":"Catacamas","Municpality_plain":"Catacamas","HASC":"HN.OL.CT","data_date":"1/1/17","program":"null"},
{"pid":129,"Dept_Tpop":"69217","Country":"Honduras","Department":"Paraíso","Municpality":"El Paraíso","Municpality_plain":"El Paraiso","HASC":"HN.EP.EP","data_date":"1/1/17","program":"null"},
{"pid":130,"Dept_Tpop":"50080","Country":"Honduras","Department":"Valle","Municpality":"Langue","Municpality_plain":"Langue","HASC":"HN.VA.LA","data_date":"1/1/17","program":"null"},
{"pid":131,"Dept_Tpop":"69217","Country":"Honduras","Department":"Paraíso","Municpality":"Moroncelí","Municpality_plain":"Moronceli","HASC":"HN.EP.MO","data_date":"1/1/17","program":"null"},
{"pid":132,"Dept_Tpop":"50080","Country":"Honduras","Department":"Valle","Municpality":"Nacaome","Municpality_plain":"Nacaome","HASC":"HN.VA.NA","data_date":"1/1/17","program":"null"},
{"pid":133,"Dept_Tpop":"38155","Country":"Honduras","Department":"Choluteca","Municpality":"Pespire","Municpality_plain":"Pespire","HASC":"HN.CH.PE","data_date":"1/1/17","program":"null"},
{"pid":134,"Dept_Tpop":"410747","Country":"Honduras","Department":"Cortés","Municpality":"Pimienta","Municpality_plain":"Pimienta","HASC":"HN.CR.PI","data_date":"1/1/17","program":"null"},
{"pid":135,"Dept_Tpop":"410747","Country":"Honduras","Department":"Cortés","Municpality":"Poterillos","Municpality_plain":"Poterillos","HASC":"HN.CR.PO","data_date":"1/1/17","program":"null"},
{"pid":136,"Dept_Tpop":"410747","Country":"Honduras","Department":"Cortés","Municpality":"Puerto Cortes","Municpality_plain":"Puerto Cortes","HASC":"HN.CR.PC","data_date":"1/1/17","program":"null"},
{"pid":137,"Dept_Tpop":"410747","Country":"Honduras","Department":"Cortés","Municpality":"San Francisco","Municpality_plain":"San Francisco","HASC":"HN.CR.SF","data_date":"1/1/17","program":"null"},
{"pid":138,"Dept_Tpop":"410747","Country":"Honduras","Department":"Cortés","Municpality":"San Manuel","Municpality_plain":"San Manuel","HASC":"HN.CR.SM","data_date":"1/1/17","program":"null"},
{"pid":139,"Dept_Tpop":"410747","Country":"Honduras","Department":"Cortés","Municpality":"Villanueva","Municpality_plain":"Villanueva","HASC":"HN.CR.VI","data_date":"1/1/17","program":"null"},
{"pid":140,"Dept_Tpop":"38155","Country":"Honduras","Department":"Choluteca","Municpality":"Choluteca","Municpality_plain":"Choluteca","HASC":"HN.CH.CH","data_date":"1/1/17","program":"null"},
{"pid":141,"Dept_Tpop":"69217","Country":"Honduras","Department":"Paraíso","Municpality":"Danlí","Municpality_plain":"Danli","HASC":"HN.EP.DA","data_date":"1/1/17","program":"null"},
{"pid":142,"Dept_Tpop":"78970","Country":"Honduras","Department":"Francisco Morazán","Municpality":"Distrito Central","Municpality_plain":"Distrito Central","HASC":"HN.FM.DC","data_date":"1/1/17","program":"null"},
{"pid":143,"Dept_Tpop":"69693","Country":"Honduras","Department":"Olancho","Municpality":"Juticalpa","Municpality_plain":"Juticalpa","HASC":"HN.OL.JU","data_date":"1/1/17","program":"null"},
{"pid":144,"Dept_Tpop":"410747","Country":"Honduras","Department":"Cortés","Municpality":"Omoa","Municpality_plain":"Omoa","HASC":"HN.CR.OM","data_date":"1/1/17","program":"null"},
{"pid":145,"Dept_Tpop":"50080","Country":"Honduras","Department":"Valle","Municpality":"San Lorenzo","Municpality_plain":"San Lorenzo","HASC":"HN.VA.SL","data_date":"1/1/17","program":"null"},
{"pid":146,"Dept_Tpop":"317923","Country":"Nicaragua","Department":"Leon","Municpality":"Achuapa","Municpality_plain":"Achuapa","HASC":"NI.LE.AC","data_date":"1/1/17","program":"null"},
{"pid":147,"Dept_Tpop":"73897","Country":"Nicaragua","Department":"Rivas","Municpality":"Altagracia","Municpality_plain":"Altagracia","HASC":"NI.RI.AL","data_date":"1/1/17","program":"null"},
{"pid":148,"Dept_Tpop":"319132","Country":"Nicaragua","Department":"Matagalpa","Municpality":"Cuidad Darío","Municpality_plain":"Cuidad Dario","HASC":"NI.MT.CD","data_date":"1/1/17","program":"null"},
{"pid":149,"Dept_Tpop":"236513","Country":"Nicaragua","Department":"Jinotega","Municpality":"El Cua","Municpality_plain":"El Cua","HASC":"NI.JI.EC","data_date":"1/1/17","program":"null"},
{"pid":150,"Dept_Tpop":"317923","Country":"Nicaragua","Department":"Leon","Municpality":"El Jicaral","Municpality_plain":"El Jicaral","HASC":"NI.LE.EJ","data_date":"1/1/17","program":"null"},
{"pid":151,"Dept_Tpop":"317923","Country":"Nicaragua","Department":"Leon","Municpality":"El Sauce","Municpality_plain":"El Sauce","HASC":"NI.LE.ES","data_date":"1/1/17","program":"null"},
{"pid":152,"Dept_Tpop":"236513","Country":"Nicaragua","Department":"Jinotega","Municpality":"Jinotega","Municpality_plain":"Jinotega","HASC":"NI.JI.JI","data_date":"1/1/17","program":"null"},
{"pid":153,"Dept_Tpop":"317923","Country":"Nicaragua","Department":"Leon","Municpality":"La Paz Centro","Municpality_plain":"La Paz Centro","HASC":"NI.LE.LP","data_date":"1/1/17","program":"null"},
{"pid":154,"Dept_Tpop":"317923","Country":"Nicaragua","Department":"Leon","Municpality":"Larreynaga","Municpality_plain":"Larreynaga","HASC":"NI.LE.LM","data_date":"1/1/17","program":"null"},
{"pid":155,"Dept_Tpop":"319132","Country":"Nicaragua","Department":"Matagalpa","Municpality":"Matagalpa","Municpality_plain":"Matagalpa","HASC":"NI.MT.MP","data_date":"1/1/17","program":"null"},
{"pid":156,"Dept_Tpop":"319132","Country":"Nicaragua","Department":"Matagalpa","Municpality":"Matiguas","Municpality_plain":"Matiguas","HASC":"NI.MT.MS","data_date":"1/1/17","program":"null"},
{"pid":157,"Dept_Tpop":"73897","Country":"Nicaragua","Department":"Rivas","Municpality":"Moyogalpa","Municpality_plain":"Moyogalpa","HASC":"NI.RI.MO","data_date":"1/1/17","program":"null"},
{"pid":158,"Dept_Tpop":"319132","Country":"Nicaragua","Department":"Matagalpa","Municpality":"Rio Blanco","Municpality_plain":"Rio Blanco","HASC":"NI.MT.RB","data_date":"1/1/17","program":"null"},
{"pid":159,"Dept_Tpop":"236513","Country":"Nicaragua","Department":"Jinotega","Municpality":"Santa Maria de Pantasma","Municpality_plain":"Santa Maria de Pantasma","HASC":"NI.JI.SM","data_date":"1/1/17","program":"null"},
{"pid":160,"Dept_Tpop":"317923","Country":"Nicaragua","Department":"Leon","Municpality":"Santa Rosa del Peñon","Municpality_plain":"Santa Rosa del Penon","HASC":"NI.LE.SR","data_date":"1/1/17","program":"null"},
{"pid":161,"Dept_Tpop":"319132","Country":"Nicaragua","Department":"Matagalpa","Municpality":"Sébaco","Municpality_plain":"Sebaco","HASC":"NI.MT.SE","data_date":"1/1/17","program":"null"},
{"pid":162,"Dept_Tpop":"317923","Country":"Nicaragua","Department":"Leon","Municpality":"Telica","Municpality_plain":"Telica","HASC":"NI.LE.TE","data_date":"1/1/17","program":"null"},
{"pid":163,"Dept_Tpop":"319132","Country":"Nicaragua","Department":"Matagalpa","Municpality":"Tuma La Dalia","Municpality_plain":"Tuma La Dalia","HASC":"NI.MT.TD","data_date":"1/1/17","program":"null"},
{"pid":164,"Dept_Tpop":"178521","Country":"Nicaragua","Department":"Chinandega","Municpality":"Chinandega","Municpality_plain":"Chinandega","HASC":"NI.CI.CN","data_date":"1/1/17","program":"null"},
{"pid":165,"Dept_Tpop":"125000","Country":"Nicaragua","Department":"Granada","Municpality":"Granada","Municpality_plain":"Granada","HASC":"NI.GR.GR","data_date":"1/1/17","program":"null"},
{"pid":166,"Dept_Tpop":"317923","Country":"Nicaragua","Department":"Leon","Municpality":"Leon","Municpality_plain":"Leon","HASC":"NI.LE.LE","data_date":"1/1/17","program":"null"},
{"pid":167,"Dept_Tpop":"139701","Country":"Nicaragua","Department":"Masaya","Municpality":"Masaya","Municpality_plain":"Masaya","HASC":"NI.MS.MY","data_date":"1/1/17","program":"null"},
{"pid":168,"Dept_Tpop":"73897","Country":"Nicaragua","Department":"Rivas","Municpality":"Rivas","Municpality_plain":"Rivas","HASC":"NI.RI.RI","data_date":"1/1/17","program":"null"},
{"pid":169,"Dept_Tpop":"319132","Country":"Nicaragua","Department":"Matagalpa","Municpality":"San Isidro","Municpality_plain":"San Isidro","HASC":"NI.MT.SI","data_date":"1/1/17","program":"null"},
{"pid":170,"Dept_Tpop":"35000","Country":"Nicaragua","Department":"Madriz","Municpality":"Somoto","Municpality_plain":"Somoto","HASC":"NI.MD.SO","data_date":"1/1/17","program":"null"},
{"pid":171,"Dept_Tpop":"236513","Country":"Nicaragua","Department":"Jinotega","Municpality":"Wiwili","Municpality_plain":"Wiwili","HASC":"NI.JI.WI","data_date":"1/1/17","program":"null"},
{"pid":172,"Dept_Tpop":"null","Country":"Honduras","Department":"FRANCISCO MORAZAN","Municpality":"DISTRITO CENTRAL (TEGUCIGALPA Y COMAYAGUELA)","Municpality_plain":"DISTRITO CENTRAL (TEGUCIGALPA Y COMAYAGUELA)","HASC":"HN.FM.DC","data_date":"1/1/17","program":"ASSIST"},
{"pid":173,"Dept_Tpop":"null","Country":"Honduras","Department":"CORTES","Municpality":"SAN PEDRO SULA","Municpality_plain":"SAN PEDRO SULA","HASC":"HN.CR.SP","data_date":"1/1/17","program":"ASSIST"},
{"pid":174,"Dept_Tpop":"null","Country":"Honduras","Department":"CORTES","Municpality":"CHOLOMA","Municpality_plain":"CHOLOMA","HASC":"HN.CR.CH","data_date":"1/1/17","program":"ASSIST"},
{"pid":175,"Dept_Tpop":"null","Country":"Honduras","Department":"CORTES","Municpality":"VILLANUEVA","Municpality_plain":"VILLANUEVA","HASC":"HN.CR.VI","data_date":"1/1/17","program":"ASSIST"},
{"pid":176,"Dept_Tpop":"null","Country":"Honduras","Department":"CORTES","Municpality":"PUERTO CORTES","Municpality_plain":"PUERTO CORTES","HASC":"HN.CR.PC","data_date":"1/1/17","program":"ASSIST"},
{"pid":177,"Dept_Tpop":"null","Country":"Honduras","Department":"YORO","Municpality":"EL PROGRESO","Municpality_plain":"EL PROGRESO","HASC":"HN.YO.EP","data_date":"1/1/17","program":"ASSIST"},
{"pid":178,"Dept_Tpop":"null","Country":"Honduras","Department":"CHOLUTECA","Municpality":"PESPIRE","Municpality_plain":"PESPIRE","HASC":"HN.CH.PE","data_date":"1/1/17","program":"ASSIST"},
{"pid":179,"Dept_Tpop":"null","Country":"Honduras","Department":"CHOLUTECA","Municpality":"CHOLUTECA","Municpality_plain":"CHOLUTECA","HASC":"HN.CH.CH","data_date":"1/1/17","program":"ASSIST"},
{"pid":180,"Dept_Tpop":"null","Country":"Honduras","Department":"CHOLUTECA","Municpality":"EL TRIUNFO","Municpality_plain":"EL TRIUNFO","HASC":"HN.CH.ET","data_date":"1/1/17","program":"ASSIST"},
{"pid":181,"Dept_Tpop":"null","Country":"Honduras","Department":"CHOLUTECA","Municpality":"SAN MARCOS DE COLON","Municpality_plain":"SAN MARCOS DE COLON","HASC":"HN.CH.SM","data_date":"1/1/17","program":"ASSIST"},
{"pid":182,"Dept_Tpop":"null","Country":"Honduras","Department":"ATLANTIDA","Municpality":"LA CEIBA","Municpality_plain":"LA CEIBA","HASC":"HN.AT.LC","data_date":"1/1/17","program":"ASSIST"},
{"pid":183,"Dept_Tpop":"null","Country":"Honduras","Department":"ATLANTIDA","Municpality":"TELA","Municpality_plain":"TELA","HASC":"HN.AT.TE","data_date":"1/1/17","program":"ASSIST"},
{"pid":184,"Dept_Tpop":"null","Country":"Honduras","Department":"SANTA BARBARA","Municpality":"QUIMISTAN","Municpality_plain":"QUIMISTAN","HASC":"HN.SB.QU","data_date":"1/1/17","program":"ASSIST"},
{"pid":185,"Dept_Tpop":"null","Country":"Honduras","Department":"EL PARAISO","Municpality":"DANLI","Municpality_plain":"DANLI","HASC":"HN.EP.DA","data_date":"1/1/17","program":"ASSIST"},
{"pid":186,"Dept_Tpop":"null","Country":"Honduras","Department":"EL PARAISO","Municpality":"JACALEAPA","Municpality_plain":"JACALEAPA","HASC":"HN.EP.JA","data_date":"1/1/17","program":"ASSIST"},
{"pid":187,"Dept_Tpop":"null","Country":"Honduras","Department":"OLANCHO","Municpality":"JUTICALPA","Municpality_plain":"JUTICALPA","HASC":"HN.OL.JU","data_date":"1/1/17","program":"ASSIST"},
{"pid":188,"Dept_Tpop":"null","Country":"Honduras","Department":"OLANCHO","Municpality":"CATACAMAS","Municpality_plain":"CATACAMAS","HASC":"HN.OL.CT","data_date":"1/1/17","program":"ASSIST"},
{"pid":189,"Dept_Tpop":"null","Country":"Dominican Republic","Department":"Puerto Plata","Municpality":"San Felipe de Puerto Plata","Municpality_plain":"San Felipe de Puerto Plata","HASC":"","data_date":"1/1/17","program":"ASSIST"},
{"pid":190,"Dept_Tpop":"null","Country":"Dominican Republic","Department":"Santiago","Municpality":"Santiago","Municpality_plain":"Santiago","HASC":"DO.ST.SG","data_date":"1/1/17","program":"ASSIST"},
{"pid":191,"Dept_Tpop":"null","Country":"Dominican Republic","Department":"Azua","Municpality":"Azua de Compostela","Municpality_plain":"Azua de Compostela","HASC":"DO.AZ.AC","data_date":"1/1/17","program":"ASSIST"},
{"pid":192,"Dept_Tpop":"null","Country":"Dominican Republic","Department":"San Cristóbal","Municpality":"San Cristóbal","Municpality_plain":"San Cristóbal","HASC":"DO.CR.SC","data_date":"1/1/17","program":"ASSIST"},
{"pid":193,"Dept_Tpop":"null","Country":"Dominican Republic","Department":"Santo Domingo","Municpality":"Distrito Nacional","Municpality_plain":"Distrito Nacional","HASC":"","data_date":"1/1/17","program":"ASSIST"},
{"pid":194,"Dept_Tpop":"null","Country":"Dominican Republic","Department":"Santo Domingo","Municpality":"Santo Domingo Este","Municpality_plain":"Santo Domingo Este","HASC":"DO.SD.ES","data_date":"1/1/17","program":"ASSIST"},
{"pid":195,"Dept_Tpop":"null","Country":"Dominican Republic","Department":"Santo Domingo","Municpality":"Santo Domingo Norte","Municpality_plain":"Santo Domingo Norte","HASC":"DO.SD.DN","data_date":"1/1/17","program":"ASSIST"},
{"pid":196,"Dept_Tpop":"null","Country":"Dominican Republic","Department":"Santo Domingo","Municpality":"Santo Domingo Oeste","Municpality_plain":"Santo Domingo Oeste","HASC":"DO.SD.OE","data_date":"1/1/17","program":"ASSIST"},
{"pid":197,"Dept_Tpop":"null","Country":"Dominican Republic","Department":"Santo Domingo","Municpality":"Los Alcarrizos","Municpality_plain":"Los Alcarrizos","HASC":"DO.SD.LA","data_date":"1/1/17","program":"ASSIST"},
{"pid":198,"Dept_Tpop":"null","Country":"Dominican Republic","Department":"Monte Plata","Municpality":"Monte Plata","Municpality_plain":"Monte Plata","HASC":"DO.MP.MT","data_date":"1/1/17","program":"ASSIST"},
{"pid":199,"Dept_Tpop":"null","Country":"Dominican Republic","Department":"San Juan","Municpality":"San Juan de la Maguana","Municpality_plain":"San Juan de la Maguana","HASC":"DO.JU.SJ","data_date":"1/1/17","program":"ASSIST"},
{"pid":200,"Dept_Tpop":"null","Country":"Dominican Republic","Department":"Barahona","Municpality":"Santa Cruz de Barahona","Municpality_plain":"Santa Cruz de Barahona","HASC":"DO.BH.SC","data_date":"1/1/17","program":"ASSIST"},
{"pid":201,"Dept_Tpop":"null","Country":"Dominican Republic","Department":"Bahoruco","Municpality":"Neyba","Municpality_plain":"Neyba","HASC":"DO.BR.NE","data_date":"1/1/17","program":"ASSIST"},
{"pid":202,"Dept_Tpop":"null","Country":"Dominican Republic","Department":"Independencia","Municpality":"Jimaní","Municpality_plain":"Jimaní","HASC":"DO.IN.JI","data_date":"1/1/17","program":"ASSIST"},
{"pid":203,"Dept_Tpop":"null","Country":"Dominican Republic","Department":"Duarte*","Municpality":"San Francisco de Macorís","Municpality_plain":"San Francisco de Macorís","HASC":"DO.DU.SF","data_date":"1/1/17","program":"ASSIST"},
{"pid":204,"Dept_Tpop":"null","Country":"El Salvador","Department":"CHALATENANGO","Municpality":"Nueva Concepción","Municpality_plain":"Nueva Concepción","HASC":"SV.CH.NC","data_date":"1/1/17","program":"ASSIST"},
{"pid":205,"Dept_Tpop":"null","Country":"El Salvador","Department":"CHALATENANGO","Municpality":"Chalatenango","Municpality_plain":"Chalatenango","HASC":"SV.CH.CH","data_date":"1/1/17","program":"ASSIST"},
{"pid":206,"Dept_Tpop":"null","Country":"El Salvador","Department":"CHALATENANGO","Municpality":"Concepción Quezaltepeque","Municpality_plain":"Concepción Quezaltepeque","HASC":"SV.CH.CQ","data_date":"1/1/17","program":"ASSIST"},
{"pid":207,"Dept_Tpop":"null","Country":"El Salvador","Department":"CHALATENANGO","Municpality":"Comalapa","Municpality_plain":"Comalapa","HASC":"SV.CH.CO","data_date":"1/1/17","program":"ASSIST"},
{"pid":208,"Dept_Tpop":"null","Country":"El Salvador","Department":"CHALATENANGO","Municpality":"El Carrizal","Municpality_plain":"El Carrizal","HASC":"SV.CH.EC","data_date":"1/1/17","program":"ASSIST"},
{"pid":209,"Dept_Tpop":"null","Country":"El Salvador","Department":"CHALATENANGO","Municpality":"San Luis del Carmen","Municpality_plain":"San Luis del Carmen","HASC":"SV.CH.SL","data_date":"1/1/17","program":"ASSIST"},
{"pid":210,"Dept_Tpop":"null","Country":"El Salvador","Department":"CHALATENANGO","Municpality":"San Antonio Los Ranchos","Municpality_plain":"San Antonio Los Ranchos","HASC":"SV.CH.SO","data_date":"1/1/17","program":"ASSIST"},
{"pid":211,"Dept_Tpop":"null","Country":"El Salvador","Department":"CABAÑAS","Municpality":"Sensuntepeque","Municpality_plain":"Sensuntepeque","HASC":"SV.CA.SE","data_date":"1/1/17","program":"ASSIST"},
{"pid":212,"Dept_Tpop":"null","Country":"El Salvador","Department":"CABAÑAS","Municpality":"Jutiapa","Municpality_plain":"Jutiapa","HASC":"SV.CA.JU","data_date":"1/1/17","program":"ASSIST"},
{"pid":213,"Dept_Tpop":"null","Country":"El Salvador","Department":"CABAÑAS","Municpality":"Tejutepeque","Municpality_plain":"Tejutepeque","HASC":"SV.CA.TE","data_date":"1/1/17","program":"ASSIST"},
{"pid":214,"Dept_Tpop":"null","Country":"El Salvador","Department":"CABAÑAS","Municpality":"Ilobasco","Municpality_plain":"Ilobasco","HASC":"SV.CA.IL","data_date":"1/1/17","program":"ASSIST"},
{"pid":215,"Dept_Tpop":"null","Country":"El Salvador","Department":"CABAÑAS","Municpality":"San Isidro","Municpality_plain":"San Isidro","HASC":"SV.CA.SI","data_date":"1/1/17","program":"ASSIST"},
{"pid":216,"Dept_Tpop":"null","Country":"El Salvador","Department":"CABAÑAS","Municpality":"Victoria","Municpality_plain":"Victoria","HASC":"SV.CA.VI","data_date":"1/1/17","program":"ASSIST"},
{"pid":217,"Dept_Tpop":"null","Country":"El Salvador","Department":"CUSCATLAN","Municpality":"Cojutepeque","Municpality_plain":"Cojutepeque","HASC":"SV.CU.CO","data_date":"1/1/17","program":"ASSIST"},
{"pid":218,"Dept_Tpop":"null","Country":"El Salvador","Department":"CUSCATLAN","Municpality":"San Bartolomé Perulapía","Municpality_plain":"San Bartolomé Perulapía","HASC":"SV.CU.SB","data_date":"1/1/17","program":"ASSIST"},
{"pid":219,"Dept_Tpop":"null","Country":"El Salvador","Department":"CUSCATLAN","Municpality":"Candelaria","Municpality_plain":"Candelaria","HASC":"SV.CU.CA","data_date":"1/1/17","program":"ASSIST"},
{"pid":220,"Dept_Tpop":"null","Country":"El Salvador","Department":"CUSCATLAN","Municpality":"San Rafael Cedros","Municpality_plain":"San Rafael Cedros","HASC":"SV.CU.SF","data_date":"1/1/17","program":"ASSIST"},
{"pid":221,"Dept_Tpop":"null","Country":"El Salvador","Department":"SAN VICENTE","Municpality":"San Vicente","Municpality_plain":"San Vicente","HASC":"SV.SV.SV","data_date":"1/1/17","program":"ASSIST"},
{"pid":222,"Dept_Tpop":"null","Country":"El Salvador","Department":"SAN VICENTE","Municpality":"Tecoluca","Municpality_plain":"Tecoluca","HASC":"SV.SV.TC","data_date":"1/1/17","program":"ASSIST"},
{"pid":223,"Dept_Tpop":"null","Country":"El Salvador","Department":"SAN VICENTE","Municpality":"San Esteban Catarina","Municpality_plain":"San Esteban Catarina","HASC":"SV.SV.SE","data_date":"1/1/17","program":"ASSIST"},
{"pid":224,"Dept_Tpop":"null","Country":"El Salvador","Department":"SAN VICENTE","Municpality":"San Sebastián","Municpality_plain":"San Sebastián","HASC":"SV.SV.SS","data_date":"1/1/17","program":"ASSIST"},
{"pid":225,"Dept_Tpop":"null","Country":"El Salvador","Department":"SAN VICENTE","Municpality":"San Ildefonso","Municpality_plain":"San Ildefonso","HASC":"SV.SV.SI","data_date":"1/1/17","program":"ASSIST"},
{"pid":226,"Dept_Tpop":"null","Country":"El Salvador","Department":"SAN SALVADOR","Municpality":"Ilopango","Municpality_plain":"Ilopango","HASC":"SV.SS.IL","data_date":"1/1/17","program":"ASSIST"},
{"pid":227,"Dept_Tpop":"null","Country":"El Salvador","Department":"SAN SALVADOR","Municpality":"Panchimalco","Municpality_plain":"Panchimalco","HASC":"SV.SS.PA","data_date":"1/1/17","program":"ASSIST"}]