[{
    "p_id": 1,
    "dept_tpop": 286664,
    "ADM0": "COL",
    "Country": "Colombia",
    "Department": "Meta",
    "Municipality": "Acacias",
    "Program": "0",
    "facility": null
},
{
    "p_id": 2,
    "dept_tpop": 335228,
    "ADM0": "COL",
    "Country": "Colombia",
    "Department": "Cesar",
    "Municipality": "Aguachica",
    "Program": "0",
    "facility": null
},
{
    "p_id": 3,
    "dept_tpop": 1616984,
    "ADM0": "COL",
    "Country": "Colombia",
    "Department": "Antioquia",
    "Municipality": "Apartado",
    "Program": "0",
    "facility": null
},
{
    "p_id": 4,
    "dept_tpop": 1616984,
    "ADM0": "COL",
    "Country": "Colombia",
    "Department": "Antioquia",
    "Municipality": "Carepa",
    "Program": "0",
    "facility": null
},
{
    "p_id": 5,
    "dept_tpop": 1616984,
    "ADM0": "COL",
    "Country": "Colombia",
    "Department": "Antioquia",
    "Municipality": "Caucasia",
    "Program": "0",
    "facility": null
},
{
    "p_id": 6,
    "dept_tpop": 313423,
    "ADM0": "COL",
    "Country": "Colombia",
    "Department": "Magdalena",
    "Municipality": "Cienaga",
    "Program": "0",
    "facility": null
},
{
    "p_id": 7,
    "dept_tpop": 335228,
    "ADM0": "COL",
    "Country": "Colombia",
    "Department": "Cesar",
    "Municipality": "Curumani",
    "Program": "0",
    "facility": null
},
{
    "p_id": 8,
    "dept_tpop": 505893,
    "ADM0": "COL",
    "Country": "Colombia",
    "Department": "Risaralda",
    "Municipality": "Dos Quebradas",
    "Program": "0",
    "facility": null
},
{
    "p_id": 9,
    "dept_tpop": 331321,
    "ADM0": "COL",
    "Country": "Colombia",
    "Department": "Tolima",
    "Municipality": "Espinal",
    "Program": "0",
    "facility": null
},
{
    "p_id": 10,
    "dept_tpop": 331321,
    "ADM0": "COL",
    "Country": "Colombia",
    "Department": "Tolima",
    "Municipality": "Flandes",
    "Program": "0",
    "facility": null
},
{
    "p_id": 11,
    "dept_tpop": 313423,
    "ADM0": "COL",
    "Country": "Colombia",
    "Department": "Magdalena",
    "Municipality": "Fundacion",
    "Program": "0",
    "facility": null
},
{
    "p_id": 12,
    "dept_tpop": 286664,
    "ADM0": "COL",
    "Country": "Colombia",
    "Department": "Meta",
    "Municipality": "Granada",
    "Program": "0",
    "facility": null
},
{
    "p_id": 13,
    "dept_tpop": 505893,
    "ADM0": "COL",
    "Country": "Colombia",
    "Department": "Risaralda",
    "Municipality": "La Virginia",
    "Program": "0",
    "facility": null
},
{
    "p_id": 14,
    "dept_tpop": 391160,
    "ADM0": "COL",
    "Country": "Colombia",
    "Department": "Cordoba",
    "Municipality": "Santa Cruz de Lorica",
    "Program": "0",
    "facility": null
},
{
    "p_id": 15,
    "dept_tpop": 391160,
    "ADM0": "COL",
    "Country": "Colombia",
    "Department": "Cordoba",
    "Municipality": "Momil",
    "Program": "0",
    "facility": null
},
{
    "p_id": 16,
    "dept_tpop": 391160,
    "ADM0": "COL",
    "Country": "Colombia",
    "Department": "Cordoba",
    "Municipality": "Montelibano",
    "Program": "0",
    "facility": null
},
{
    "p_id": 17,
    "dept_tpop": 967259,
    "ADM0": "COL",
    "Country": "Colombia",
    "Department": "Atlántico",
    "Municipality": "Puerto Colombia",
    "Program": "0",
    "facility": null
},
{
    "p_id": 18,
    "dept_tpop": 967259,
    "ADM0": "COL",
    "Country": "Colombia",
    "Department": "Atlántico",
    "Municipality": "Soledad",
    "Program": "0",
    "facility": null
},
{
    "p_id": 19,
    "dept_tpop": 1616984,
    "ADM0": "COL",
    "Country": "Colombia",
    "Department": "Antioquia",
    "Municipality": "Turbo",
    "Program": "0",
    "facility": null
},
{
    "p_id": 20,
    "dept_tpop": 577607,
    "ADM0": "COL",
    "Country": "Colombia",
    "Department": "Santander",
    "Municipality": "Barrancabermeja",
    "Program": "0",
    "facility": null
},
{
    "p_id": 21,
    "dept_tpop": 967259,
    "ADM0": "COL",
    "Country": "Colombia",
    "Department": "Atlántico",
    "Municipality": "Barranquilla",
    "Program": "0",
    "facility": null
},
{
    "p_id": 22,
    "dept_tpop": 577607,
    "ADM0": "COL",
    "Country": "Colombia",
    "Department": "Santander",
    "Municipality": "Bucaramanga",
    "Program": "0",
    "facility": null
},
{
    "p_id": 23,
    "dept_tpop": 1457874,
    "ADM0": "COL",
    "Country": "Colombia",
    "Department": "Valle del Cauca",
    "Municipality": "Cali",
    "Program": "0",
    "facility": null
},
{
    "p_id": 24,
    "dept_tpop": 1457874,
    "ADM0": "COL",
    "Country": "Colombia",
    "Department": "Valle del Cauca",
    "Municipality": "Cartago",
    "Program": "0",
    "facility": null
},
{
    "p_id": 25,
    "dept_tpop": 1616984,
    "ADM0": "COL",
    "Country": "Colombia",
    "Department": "Antioquia",
    "Municipality": "Chigorodó",
    "Program": "0",
    "facility": null
},
{
    "p_id": 26,
    "dept_tpop": 577607,
    "ADM0": "COL",
    "Country": "Colombia",
    "Department": "Santander",
    "Municipality": "Floridablanca",
    "Program": "0",
    "facility": null
},
{
    "p_id": 27,
    "dept_tpop": 331321,
    "ADM0": "COL",
    "Country": "Colombia",
    "Department": "Tolima",
    "Municipality": "Ibague",
    "Program": "0",
    "facility": null
},
{
    "p_id": 28,
    "dept_tpop": 1616984,
    "ADM0": "COL",
    "Country": "Colombia",
    "Department": "Antioquia",
    "Municipality": "Medellin",
    "Program": "0",
    "facility": null
},
{
    "p_id": 29,
    "dept_tpop": 391160,
    "ADM0": "COL",
    "Country": "Colombia",
    "Department": "Cordoba",
    "Municipality": "Monteria",
    "Program": "0",
    "facility": null
},
{
    "p_id": 30,
    "dept_tpop": 1457874,
    "ADM0": "COL",
    "Country": "Colombia",
    "Department": "Valle del Cauca",
    "Municipality": "Palmira",
    "Program": "0",
    "facility": null
},
{
    "p_id": 31,
    "dept_tpop": 505893,
    "ADM0": "COL",
    "Country": "Colombia",
    "Department": "Risaralda",
    "Municipality": "Pereira",
    "Program": "0",
    "facility": null
},
{
    "p_id": 32,
    "dept_tpop": 313423,
    "ADM0": "COL",
    "Country": "Colombia",
    "Department": "Magdalena",
    "Municipality": "Santa Marta",
    "Program": "0",
    "facility": null
},
{
    "p_id": 33,
    "dept_tpop": 335228,
    "ADM0": "COL",
    "Country": "Colombia",
    "Department": "Cesar",
    "Municipality": "Valledupar",
    "Program": "0",
    "facility": null
},
{
    "p_id": 34,
    "dept_tpop": 286664,
    "ADM0": "COL",
    "Country": "Colombia",
    "Department": "Meta",
    "Municipality": "Villavicencio",
    "Program": "0",
    "facility": null
},
{
    "p_id": 35,
    "dept_tpop": 111202,
    "ADM0": "DOM",
    "Country": "Dominican Republic",
    "Department": "Puerto Plata",
    "Municipality": "Alta Mira",
    "Program": "0",
    "facility": null
},
{
    "p_id": 36,
    "dept_tpop": 1082625,
    "ADM0": "DOM",
    "Country": "Dominican Republic",
    "Department": "Santo Domingo",
    "Municipality": "Boca Chica",
    "Program": "0",
    "facility": null
},
{
    "p_id": 37,
    "dept_tpop": 354022,
    "ADM0": "DOM",
    "Country": "Dominican Republic",
    "Department": "San Cristobal",
    "Municipality": "Cambita Garabitos",
    "Program": "0",
    "facility": null
},
{
    "p_id": 38,
    "dept_tpop": 147187,
    "ADM0": "DOM",
    "Country": "Dominican Republic",
    "Department": "La Vega",
    "Municipality": "Constanza",
    "Program": "0",
    "facility": null
},
{
    "p_id": 39,
    "dept_tpop": 160552,
    "ADM0": "DOM",
    "Country": "Dominican Republic",
    "Department": "Azua",
    "Municipality": "Estebania",
    "Program": "0",
    "facility": null
},
{
    "p_id": 40,
    "dept_tpop": 122717,
    "ADM0": "DOM",
    "Country": "Dominican Republic",
    "Department": "La Romana",
    "Municipality": "Guaimate",
    "Program": "0",
    "facility": null
},
{
    "p_id": 41,
    "dept_tpop": 482520,
    "ADM0": "DOM",
    "Country": "Dominican Republic",
    "Department": "Distrito Nacional",
    "Municipality": "Gualey",
    "Program": "0",
    "facility": null
},
{
    "p_id": 42,
    "dept_tpop": 482520,
    "ADM0": "DOM",
    "Country": "Dominican Republic",
    "Department": "Distrito Nacional",
    "Municipality": "Guaricano",
    "Program": "0",
    "facility": null
},
{
    "p_id": 43,
    "dept_tpop": 160552,
    "ADM0": "DOM",
    "Country": "Dominican Republic",
    "Department": "Azua",
    "Municipality": "Guayabal",
    "Program": "0",
    "facility": null
},
{
    "p_id": 44,
    "dept_tpop": 111202,
    "ADM0": "DOM",
    "Country": "Dominican Republic",
    "Department": "Puerto Plata",
    "Municipality": "Imbert",
    "Program": "0",
    "facility": null
},
{
    "p_id": 45,
    "dept_tpop": 147187,
    "ADM0": "DOM",
    "Country": "Dominican Republic",
    "Department": "La Vega",
    "Municipality": "Jarabacoa",
    "Program": "0",
    "facility": null
},
{
    "p_id": 46,
    "dept_tpop": 147187,
    "ADM0": "DOM",
    "Country": "Dominican Republic",
    "Department": "La Vega",
    "Municipality": "Jima Abajo",
    "Program": "0",
    "facility": null
},
{
    "p_id": 47,
    "dept_tpop": 908890,
    "ADM0": "DOM",
    "Country": "Dominican Republic",
    "Department": "Santiago",
    "Municipality": "Janico",
    "Program": "0",
    "facility": null
},
{
    "p_id": 48,
    "dept_tpop": 908890,
    "ADM0": "DOM",
    "Country": "Dominican Republic",
    "Department": "Santiago",
    "Municipality": "Licey Al Medio",
    "Program": "0",
    "facility": null
},
{
    "p_id": 49,
    "dept_tpop": 1082625,
    "ADM0": "DOM",
    "Country": "Dominican Republic",
    "Department": "Santo Domingo",
    "Municipality": "Los Alcarrizos",
    "Program": "0",
    "facility": null
},
{
    "p_id": 50,
    "dept_tpop": 354022,
    "ADM0": "DOM",
    "Country": "Dominican Republic",
    "Department": "San Cristobal",
    "Municipality": "Los Cacaos",
    "Program": "0",
    "facility": null
},
{
    "p_id": 51,
    "dept_tpop": 111202,
    "ADM0": "DOM",
    "Country": "Dominican Republic",
    "Department": "Puerto Plata",
    "Municipality": "Los Hidalgos",
    "Program": "0",
    "facility": null
},
{
    "p_id": 52,
    "dept_tpop": 111202,
    "ADM0": "DOM",
    "Country": "Dominican Republic",
    "Department": "Puerto Plata",
    "Municipality": "Luperon",
    "Program": "0",
    "facility": null
},
{
    "p_id": 53,
    "dept_tpop": 160552,
    "ADM0": "DOM",
    "Country": "Dominican Republic",
    "Department": "Azua",
    "Municipality": "Padre las Casas",
    "Program": "0",
    "facility": null
},
{
    "p_id": 54,
    "dept_tpop": 160552,
    "ADM0": "DOM",
    "Country": "Dominican Republic",
    "Department": "Azua",
    "Municipality": "Peralta",
    "Program": "0",
    "facility": null
},
{
    "p_id": 55,
    "dept_tpop": 160552,
    "ADM0": "DOM",
    "Country": "Dominican Republic",
    "Department": "Azua",
    "Municipality": "Pueblo Viejo",
    "Program": "0",
    "facility": null
},
{
    "p_id": 56,
    "dept_tpop": 908890,
    "ADM0": "DOM",
    "Country": "Dominican Republic",
    "Department": "Santiago",
    "Municipality": "Puñal",
    "Program": "0",
    "facility": null
},
{
    "p_id": 57,
    "dept_tpop": 1082625,
    "ADM0": "DOM",
    "Country": "Dominican Republic",
    "Department": "Santo Domingo",
    "Municipality": "San Antonio de Guerra",
    "Program": "0",
    "facility": null
},
{
    "p_id": 58,
    "dept_tpop": 354022,
    "ADM0": "DOM",
    "Country": "Dominican Republic",
    "Department": "San Cristobal",
    "Municipality": "San Cristóbal",
    "Program": "0",
    "facility": null
},
{
    "p_id": 59,
    "dept_tpop": 1082625,
    "ADM0": "DOM",
    "Country": "Dominican Republic",
    "Department": "Santo Domingo",
    "Municipality": "Santo Domingo Norte",
    "Program": "0",
    "facility": null
},
{
    "p_id": 60,
    "dept_tpop": 1082625,
    "ADM0": "DOM",
    "Country": "Dominican Republic",
    "Department": "Santo Domingo",
    "Municipality": "Santo Domingo Oeste",
    "Program": "0",
    "facility": null
},
{
    "p_id": 61,
    "dept_tpop": 354022,
    "ADM0": "DOM",
    "Country": "Dominican Republic",
    "Department": "San Cristobal",
    "Municipality": "San Gregorio de Nigua",
    "Program": "0",
    "facility": null
},
{
    "p_id": 62,
    "dept_tpop": 908890,
    "ADM0": "DOM",
    "Country": "Dominican Republic",
    "Department": "Santiago",
    "Municipality": "San Jose de las Matas",
    "Program": "0",
    "facility": null
},
{
    "p_id": 63,
    "dept_tpop": 354022,
    "ADM0": "DOM",
    "Country": "Dominican Republic",
    "Department": "San Cristobal",
    "Municipality": "Sabana Grande de Palenque",
    "Program": "0",
    "facility": null
},
{
    "p_id": 64,
    "dept_tpop": 908890,
    "ADM0": "DOM",
    "Country": "Dominican Republic",
    "Department": "Santiago",
    "Municipality": "Sabana Iglesia",
    "Program": "0",
    "facility": null
},
{
    "p_id": 65,
    "dept_tpop": 160552,
    "ADM0": "DOM",
    "Country": "Dominican Republic",
    "Department": "Azua",
    "Municipality": "Sabana Yegua",
    "Program": "0",
    "facility": null
},
{
    "p_id": 66,
    "dept_tpop": 136605,
    "ADM0": "DOM",
    "Country": "Dominican Republic",
    "Department": "La Altagracia",
    "Municipality": "San Rafael del Yuma",
    "Program": "0",
    "facility": null
},
{
    "p_id": 67,
    "dept_tpop": 111202,
    "ADM0": "DOM",
    "Country": "Dominican Republic",
    "Department": "Puerto Plata",
    "Municipality": "Sosua",
    "Program": "0",
    "facility": null
},
{
    "p_id": 68,
    "dept_tpop": 908890,
    "ADM0": "DOM",
    "Country": "Dominican Republic",
    "Department": "Santiago",
    "Municipality": "Tamboril",
    "Program": "0",
    "facility": null
},
{
    "p_id": 69,
    "dept_tpop": 160552,
    "ADM0": "DOM",
    "Country": "Dominican Republic",
    "Department": "Azua",
    "Municipality": "Tábara Arriba",
    "Program": "0",
    "facility": null
},
{
    "p_id": 70,
    "dept_tpop": 354022,
    "ADM0": "DOM",
    "Country": "Dominican Republic",
    "Department": "San Cristobal",
    "Municipality": "Villa Altagracia",
    "Program": "0",
    "facility": null
},
{
    "p_id": 71,
    "dept_tpop": 908890,
    "ADM0": "DOM",
    "Country": "Dominican Republic",
    "Department": "Santiago",
    "Municipality": "Villa González",
    "Program": "0",
    "facility": null
},
{
    "p_id": 72,
    "dept_tpop": 122717,
    "ADM0": "DOM",
    "Country": "Dominican Republic",
    "Department": "La Romana",
    "Municipality": "Villa Hermosa",
    "Program": "0",
    "facility": null
},
{
    "p_id": 73,
    "dept_tpop": 111202,
    "ADM0": "DOM",
    "Country": "Dominican Republic",
    "Department": "Puerto Plata",
    "Municipality": "Villahermosa",
    "Program": "0",
    "facility": null
},
{
    "p_id": 74,
    "dept_tpop": 908890,
    "ADM0": "DOM",
    "Country": "Dominican Republic",
    "Department": "Santiago",
    "Municipality": "Visiono",
    "Program": "0",
    "facility": null
},
{
    "p_id": 75,
    "dept_tpop": 354022,
    "ADM0": "DOM",
    "Country": "Dominican Republic",
    "Department": "San Cristobal",
    "Municipality": "San Gregorio de Yaguate",
    "Program": "0",
    "facility": null
},
{
    "p_id": 76,
    "dept_tpop": 354022,
    "ADM0": "DOM",
    "Country": "Dominican Republic",
    "Department": "San Cristobal",
    "Municipality": "Bajos de Haina",
    "Program": "0",
    "facility": null
},
{
    "p_id": 77,
    "dept_tpop": 136605,
    "ADM0": "DOM",
    "Country": "Dominican Republic",
    "Department": "La Altagracia",
    "Municipality": "Higüey",
    "Program": "0",
    "facility": null
},
{
    "p_id": 78,
    "dept_tpop": 122717,
    "ADM0": "DOM",
    "Country": "Dominican Republic",
    "Department": "La Romana",
    "Municipality": "La Romana",
    "Program": "0",
    "facility": null
},
{
    "p_id": 79,
    "dept_tpop": 147187,
    "ADM0": "DOM",
    "Country": "Dominican Republic",
    "Department": "La Vega",
    "Municipality": "Concepción de La Vega",
    "Program": "0",
    "facility": null
},
{
    "p_id": 80,
    "dept_tpop": 160552,
    "ADM0": "DOM",
    "Country": "Dominican Republic",
    "Department": "Azua",
    "Municipality": "Las Yayas de Viajama",
    "Program": "0",
    "facility": null
},
{
    "p_id": 81,
    "dept_tpop": 482520,
    "ADM0": "DOM",
    "Country": "Dominican Republic",
    "Department": "Distrito Nacional",
    "Municipality": "Man Guayabo",
    "Program": "0",
    "facility": null
},
{
    "p_id": 82,
    "dept_tpop": 111202,
    "ADM0": "DOM",
    "Country": "Dominican Republic",
    "Department": "Puerto Plata",
    "Municipality": "San Felipe de Puerto Plata",
    "Program": "0",
    "facility": null
},
{
    "p_id": 83,
    "dept_tpop": 1082625,
    "ADM0": "DOM",
    "Country": "Dominican Republic",
    "Department": "Santo Domingo",
    "Municipality": "Santo Domingo Este",
    "Program": "0",
    "facility": null
},
{
    "p_id": 84,
    "dept_tpop": 908890,
    "ADM0": "DOM",
    "Country": "Dominican Republic",
    "Department": "Santiago",
    "Municipality": "Santiago de los Caballeros",
    "Program": "0",
    "facility": null
},
{
    "p_id": 85,
    "dept_tpop": 400591,
    "ADM0": "SLV",
    "Country": "El Salvador",
    "Department": "San Miguel",
    "Municipality": "Chinameca",
    "Program": "0",
    "facility": null
},
{
    "p_id": 86,
    "dept_tpop": 400591,
    "ADM0": "SLV",
    "Country": "El Salvador",
    "Department": "San Miguel",
    "Municipality": "Ciudad Barrios",
    "Program": "0",
    "facility": null
},
{
    "p_id": 87,
    "dept_tpop": 192457,
    "ADM0": "SLV",
    "Country": "El Salvador",
    "Department": "San Salvador",
    "Municipality": "Ciudad Delgado",
    "Program": "0",
    "facility": null
},
{
    "p_id": 88,
    "dept_tpop": 198334,
    "ADM0": "SLV",
    "Country": "El Salvador",
    "Department": "Sonsonate",
    "Municipality": "Cuisnahuat",
    "Program": "0",
    "facility": null
},
{
    "p_id": 89,
    "dept_tpop": 400591,
    "ADM0": "SLV",
    "Country": "El Salvador",
    "Department": "San Miguel",
    "Municipality": "El Tránsito",
    "Program": "0",
    "facility": null
},
{
    "p_id": 90,
    "dept_tpop": 87225,
    "ADM0": "SLV",
    "Country": "El Salvador",
    "Department": "Cabañas",
    "Municipality": "Guacotecti",
    "Program": "0",
    "facility": null
},
{
    "p_id": 91,
    "dept_tpop": 132286,
    "ADM0": "SLV",
    "Country": "El Salvador",
    "Department": "Ahuachapán",
    "Municipality": "Guaymango",
    "Program": "0",
    "facility": null
},
{
    "p_id": 92,
    "dept_tpop": 198334,
    "ADM0": "SLV",
    "Country": "El Salvador",
    "Department": "Sonsonate",
    "Municipality": "Izalco",
    "Program": "0",
    "facility": null
},
{
    "p_id": 93,
    "dept_tpop": 132286,
    "ADM0": "SLV",
    "Country": "El Salvador",
    "Department": "Ahuachapán",
    "Municipality": "Jujutla",
    "Program": "0",
    "facility": null
},
{
    "p_id": 94,
    "dept_tpop": 400591,
    "ADM0": "SLV",
    "Country": "El Salvador",
    "Department": "San Miguel",
    "Municipality": "Lolotique",
    "Program": "0",
    "facility": null
},
{
    "p_id": 95,
    "dept_tpop": 400591,
    "ADM0": "SLV",
    "Country": "El Salvador",
    "Department": "San Miguel",
    "Municipality": "Moncagua",
    "Program": "0",
    "facility": null
},
{
    "p_id": 96,
    "dept_tpop": 174551,
    "ADM0": "SLV",
    "Country": "El Salvador",
    "Department": "La Libertad",
    "Municipality": "Nueva San Salvador",
    "Program": "0",
    "facility": null
},
{
    "p_id": 97,
    "dept_tpop": 166995,
    "ADM0": "SLV",
    "Country": "El Salvador",
    "Department": "La Paz",
    "Municipality": "Olocuilta",
    "Program": "0",
    "facility": null
},
{
    "p_id": 98,
    "dept_tpop": 76831,
    "ADM0": "SLV",
    "Country": "El Salvador",
    "Department": "Usulután",
    "Municipality": "Puerto El Triunfo",
    "Program": "0",
    "facility": null
},
{
    "p_id": 99,
    "dept_tpop": 76831,
    "ADM0": "SLV",
    "Country": "El Salvador",
    "Department": "Usulután",
    "Municipality": "San Dionisio",
    "Program": "0",
    "facility": null
},
{
    "p_id": 100,
    "dept_tpop": 400591,
    "ADM0": "SLV",
    "Country": "El Salvador",
    "Department": "San Miguel",
    "Municipality": "San Jorge",
    "Program": "0",
    "facility": null
},
{
    "p_id": 101,
    "dept_tpop": 166995,
    "ADM0": "SLV",
    "Country": "El Salvador",
    "Department": "La Paz",
    "Municipality": "San Luis Talpa",
    "Program": "0",
    "facility": null
},
{
    "p_id": 102,
    "dept_tpop": 400591,
    "ADM0": "SLV",
    "Country": "El Salvador",
    "Department": "San Miguel",
    "Municipality": "San Rafael Oriente",
    "Program": "0",
    "facility": null
},
{
    "p_id": 103,
    "dept_tpop": 166995,
    "ADM0": "SLV",
    "Country": "El Salvador",
    "Department": "La Paz",
    "Municipality": "Santiago Nonualco",
    "Program": "0",
    "facility": null
},
{
    "p_id": 104,
    "dept_tpop": 198334,
    "ADM0": "SLV",
    "Country": "El Salvador",
    "Department": "Sonsonate",
    "Municipality": "Sonzacate",
    "Program": "0",
    "facility": null
},
{
    "p_id": 105,
    "dept_tpop": 198334,
    "ADM0": "SLV",
    "Country": "El Salvador",
    "Department": "Sonsonate",
    "Municipality": "Santa Isabel Ishuatán",
    "Program": "0",
    "facility": null
},
{
    "p_id": 106,
    "dept_tpop": 132286,
    "ADM0": "SLV",
    "Country": "El Salvador",
    "Department": "Ahuachapán",
    "Municipality": "Tacuba",
    "Program": "0",
    "facility": null
},
{
    "p_id": 107,
    "dept_tpop": 87225,
    "ADM0": "SLV",
    "Country": "El Salvador",
    "Department": "Cabañas",
    "Municipality": "Tejutepeque",
    "Program": "0",
    "facility": null
},
{
    "p_id": 108,
    "dept_tpop": 87225,
    "ADM0": "SLV",
    "Country": "El Salvador",
    "Department": "Cabañas",
    "Municipality": "Ilobasco",
    "Program": "0",
    "facility": null
},
{
    "p_id": 109,
    "dept_tpop": 76831,
    "ADM0": "SLV",
    "Country": "El Salvador",
    "Department": "Usulután",
    "Municipality": "Jiquilisco",
    "Program": "0",
    "facility": null
},
{
    "p_id": 110,
    "dept_tpop": 198334,
    "ADM0": "SLV",
    "Country": "El Salvador",
    "Department": "Sonsonate",
    "Municipality": "Nahuizalco",
    "Program": "0",
    "facility": null
},
{
    "p_id": 111,
    "dept_tpop": 174551,
    "ADM0": "SLV",
    "Country": "El Salvador",
    "Department": "La Libertad",
    "Municipality": "Quezaltepeque",
    "Program": "0",
    "facility": null
},
{
    "p_id": 112,
    "dept_tpop": 132286,
    "ADM0": "SLV",
    "Country": "El Salvador",
    "Department": "Ahuachapán",
    "Municipality": "San Francisco Menendez",
    "Program": "0",
    "facility": null
},
{
    "p_id": 113,
    "dept_tpop": 166995,
    "ADM0": "SLV",
    "Country": "El Salvador",
    "Department": "La Paz",
    "Municipality": "San Luis La Herradura",
    "Program": "0",
    "facility": null
},
{
    "p_id": 114,
    "dept_tpop": 192457,
    "ADM0": "SLV",
    "Country": "El Salvador",
    "Department": "San Salvador",
    "Municipality": "San Marcos",
    "Program": "0",
    "facility": null
},
{
    "p_id": 115,
    "dept_tpop": 400591,
    "ADM0": "SLV",
    "Country": "El Salvador",
    "Department": "San Miguel",
    "Municipality": "San Miguel",
    "Program": "0",
    "facility": null
},
{
    "p_id": 116,
    "dept_tpop": 166995,
    "ADM0": "SLV",
    "Country": "El Salvador",
    "Department": "La Paz",
    "Municipality": "San Pedro Masahuat",
    "Program": "0",
    "facility": null
},
{
    "p_id": 117,
    "dept_tpop": 53213,
    "ADM0": "SLV",
    "Country": "El Salvador",
    "Department": "San Vicente",
    "Municipality": "San Vicente",
    "Program": "0",
    "facility": null
},
{
    "p_id": 118,
    "dept_tpop": "NA",
    "ADM0": "GTM",
    "Country": "Guatemala",
    "Department": "Santa Rosa",
    "Municipality": "Barberena",
    "Program": "0",
    "facility": null
},
{
    "p_id": 119,
    "dept_tpop": "NA",
    "ADM0": "GTM",
    "Country": "Guatemala",
    "Department": "Retalhuleu",
    "Municipality": "Champerico",
    "Program": "0",
    "facility": null
},
{
    "p_id": 120,
    "dept_tpop": "NA",
    "ADM0": "GTM",
    "Country": "Guatemala",
    "Department": "Quetzaltenango",
    "Municipality": "Coatepeque",
    "Program": "0",
    "facility": null
},
{
    "p_id": 121,
    "dept_tpop": "NA",
    "ADM0": "GTM",
    "Country": "Guatemala",
    "Department": "Santa Rosa",
    "Municipality": "Cuilapa",
    "Program": "0",
    "facility": null
},
{
    "p_id": 122,
    "dept_tpop": "NA",
    "ADM0": "GTM",
    "Country": "Guatemala",
    "Department": "Quetzaltenango",
    "Municipality": "El Palmar",
    "Program": "0",
    "facility": null
},
{
    "p_id": 123,
    "dept_tpop": "NA",
    "ADM0": "GTM",
    "Country": "Guatemala",
    "Department": "Guatemala",
    "Municipality": "Guatemala City",
    "Program": "0",
    "facility": null
},
{
    "p_id": 124,
    "dept_tpop": "NA",
    "ADM0": "GTM",
    "Country": "Guatemala",
    "Department": "Santa Rosa",
    "Municipality": "Oratorio",
    "Program": "0",
    "facility": null
},
{
    "p_id": 125,
    "dept_tpop": "NA",
    "ADM0": "GTM",
    "Country": "Guatemala",
    "Department": "Retalhuleu",
    "Municipality": "Retalhuleu",
    "Program": "0",
    "facility": null
},
{
    "p_id": 126,
    "dept_tpop": "NA",
    "ADM0": "GTM",
    "Country": "Guatemala",
    "Department": "Suchitepequez",
    "Municipality": "Santo Domingo Suchitepequez",
    "Program": "0",
    "facility": null
},
{
    "p_id": 127,
    "dept_tpop": "NA",
    "ADM0": "GTM",
    "Country": "Guatemala",
    "Department": "Suchitepequez",
    "Municipality": "Santo Tomas la Union",
    "Program": "0",
    "facility": null
},
{
    "p_id": 128,
    "dept_tpop": 69693,
    "ADM0": "HND",
    "Country": "Honduras",
    "Department": "Olancho",
    "Municipality": "Catacamas",
    "Program": "0",
    "facility": null
},
{
    "p_id": 129,
    "dept_tpop": 69217,
    "ADM0": "HND",
    "Country": "Honduras",
    "Department": "El Paraíso",
    "Municipality": "El Paraíso",
    "Program": "0",
    "facility": null
},
{
    "p_id": 130,
    "dept_tpop": 50080,
    "ADM0": "HND",
    "Country": "Honduras",
    "Department": "Valle",
    "Municipality": "Langue",
    "Program": "0",
    "facility": null
},
{
    "p_id": 131,
    "dept_tpop": 69217,
    "ADM0": "HND",
    "Country": "Honduras",
    "Department": "El Paraíso",
    "Municipality": "Morocelí",
    "Program": "0",
    "facility": null
},
{
    "p_id": 132,
    "dept_tpop": 50080,
    "ADM0": "HND",
    "Country": "Honduras",
    "Department": "Valle",
    "Municipality": "Nacaome",
    "Program": "0",
    "facility": null
},
{
    "p_id": 133,
    "dept_tpop": 38155,
    "ADM0": "HND",
    "Country": "Honduras",
    "Department": "Choluteca",
    "Municipality": "Pespire",
    "Program": "0",
    "facility": null
},
{
    "p_id": 134,
    "dept_tpop": 410747,
    "ADM0": "HND",
    "Country": "Honduras",
    "Department": "Cortés",
    "Municipality": "Pimienta",
    "Program": "0",
    "facility": null
},
{
    "p_id": 135,
    "dept_tpop": 410747,
    "ADM0": "HND",
    "Country": "Honduras",
    "Department": "Cortés",
    "Municipality": "Potrerillos",
    "Program": "0",
    "facility": null
},
{
    "p_id": 136,
    "dept_tpop": 410747,
    "ADM0": "HND",
    "Country": "Honduras",
    "Department": "Cortés",
    "Municipality": "Puerto Cortes",
    "Program": "0",
    "facility": null
},
{
    "p_id": 137,
    "dept_tpop": 410747,
    "ADM0": "HND",
    "Country": "Honduras",
    "Department": "Cortés",
    "Municipality": "San Francisco",
    "Program": "0",
    "facility": null
},
{
    "p_id": 138,
    "dept_tpop": 410747,
    "ADM0": "HND",
    "Country": "Honduras",
    "Department": "Cortés",
    "Municipality": "San Manuel",
    "Program": "0",
    "facility": null
},
{
    "p_id": 139,
    "dept_tpop": 410747,
    "ADM0": "HND",
    "Country": "Honduras",
    "Department": "Cortés",
    "Municipality": "Villanueva",
    "Program": "0",
    "facility": null
},
{
    "p_id": 140,
    "dept_tpop": 38155,
    "ADM0": "HND",
    "Country": "Honduras",
    "Department": "Choluteca",
    "Municipality": "Choluteca",
    "Program": "0",
    "facility": null
},
{
    "p_id": 141,
    "dept_tpop": 69217,
    "ADM0": "HND",
    "Country": "Honduras",
    "Department": "El Paraíso",
    "Municipality": "Danlí",
    "Program": "0",
    "facility": null
},
{
    "p_id": 142,
    "dept_tpop": 78970,
    "ADM0": "HND",
    "Country": "Honduras",
    "Department": "Francisco Morazán",
    "Municipality": "Distrito Central",
    "Program": "0",
    "facility": null
},
{
    "p_id": 143,
    "dept_tpop": 69693,
    "ADM0": "HND",
    "Country": "Honduras",
    "Department": "Olancho",
    "Municipality": "Juticalpa",
    "Program": "0",
    "facility": null
},
{
    "p_id": 144,
    "dept_tpop": 410747,
    "ADM0": "HND",
    "Country": "Honduras",
    "Department": "Cortés",
    "Municipality": "Omoa",
    "Program": "0",
    "facility": null
},
{
    "p_id": 145,
    "dept_tpop": 50080,
    "ADM0": "HND",
    "Country": "Honduras",
    "Department": "Valle",
    "Municipality": "San Lorenzo",
    "Program": "0",
    "facility": null
},
{
    "p_id": 146,
    "dept_tpop": 317923,
    "ADM0": "NIC",
    "Country": "Nicaragua",
    "Department": "Leon",
    "Municipality": "Achuapa",
    "Program": "0",
    "facility": null
},
{
    "p_id": 147,
    "dept_tpop": 73897,
    "ADM0": "NIC",
    "Country": "Nicaragua",
    "Department": "Rivas",
    "Municipality": "Altagracia",
    "Program": "0",
    "facility": null
},
{
    "p_id": 148,
    "dept_tpop": 319132,
    "ADM0": "NIC",
    "Country": "Nicaragua",
    "Department": "Matagalpa",
    "Municipality": "Ciudad Darío",
    "Program": "0",
    "facility": null
},
{
    "p_id": 149,
    "dept_tpop": 236513,
    "ADM0": "NIC",
    "Country": "Nicaragua",
    "Department": "Jinotega",
    "Municipality": "El Cua",
    "Program": "0",
    "facility": null
},
{
    "p_id": 150,
    "dept_tpop": 317923,
    "ADM0": "NIC",
    "Country": "Nicaragua",
    "Department": "Leon",
    "Municipality": "El Jicaral",
    "Program": "0",
    "facility": null
},
{
    "p_id": 151,
    "dept_tpop": 317923,
    "ADM0": "NIC",
    "Country": "Nicaragua",
    "Department": "Leon",
    "Municipality": "El Sauce",
    "Program": "0",
    "facility": null
},
{
    "p_id": 152,
    "dept_tpop": 236513,
    "ADM0": "NIC",
    "Country": "Nicaragua",
    "Department": "Jinotega",
    "Municipality": "Jinotega",
    "Program": "0",
    "facility": null
},
{
    "p_id": 153,
    "dept_tpop": 317923,
    "ADM0": "NIC",
    "Country": "Nicaragua",
    "Department": "Leon",
    "Municipality": "La Paz Centro",
    "Program": "0",
    "facility": null
},
{
    "p_id": 154,
    "dept_tpop": 317923,
    "ADM0": "NIC",
    "Country": "Nicaragua",
    "Department": "Leon",
    "Municipality": "Larreynaga",
    "Program": "0",
    "facility": null
},
{
    "p_id": 155,
    "dept_tpop": 319132,
    "ADM0": "NIC",
    "Country": "Nicaragua",
    "Department": "Matagalpa",
    "Municipality": "Matagalpa",
    "Program": "0",
    "facility": null
},
{
    "p_id": 156,
    "dept_tpop": 319132,
    "ADM0": "NIC",
    "Country": "Nicaragua",
    "Department": "Matagalpa",
    "Municipality": "Matiguas",
    "Program": "0",
    "facility": null
},
{
    "p_id": 157,
    "dept_tpop": 73897,
    "ADM0": "NIC",
    "Country": "Nicaragua",
    "Department": "Rivas",
    "Municipality": "Moyogalpa",
    "Program": "0",
    "facility": null
},
{
    "p_id": 158,
    "dept_tpop": 319132,
    "ADM0": "NIC",
    "Country": "Nicaragua",
    "Department": "Matagalpa",
    "Municipality": "Rio Blanco",
    "Program": "0",
    "facility": null
},
{
    "p_id": 159,
    "dept_tpop": 236513,
    "ADM0": "NIC",
    "Country": "Nicaragua",
    "Department": "Jinotega",
    "Municipality": "Santa Maria de Pantasma",
    "Program": "0",
    "facility": null
},
{
    "p_id": 160,
    "dept_tpop": 317923,
    "ADM0": "NIC",
    "Country": "Nicaragua",
    "Department": "Leon",
    "Municipality": "Santa Rosa del Peñon",
    "Program": "0",
    "facility": null
},
{
    "p_id": 161,
    "dept_tpop": 319132,
    "ADM0": "NIC",
    "Country": "Nicaragua",
    "Department": "Matagalpa",
    "Municipality": "Sébaco",
    "Program": "0",
    "facility": null
},
{
    "p_id": 162,
    "dept_tpop": 317923,
    "ADM0": "NIC",
    "Country": "Nicaragua",
    "Department": "Leon",
    "Municipality": "Telica",
    "Program": "0",
    "facility": null
},
{
    "p_id": 163,
    "dept_tpop": 319132,
    "ADM0": "NIC",
    "Country": "Nicaragua",
    "Department": "Matagalpa",
    "Municipality": "Tuma La Dalia",
    "Program": "0",
    "facility": null
},
{
    "p_id": 164,
    "dept_tpop": 178521,
    "ADM0": "NIC",
    "Country": "Nicaragua",
    "Department": "Chinandega",
    "Municipality": "Chinandega",
    "Program": "0",
    "facility": null
},
{
    "p_id": 165,
    "dept_tpop": 125000,
    "ADM0": "NIC",
    "Country": "Nicaragua",
    "Department": "Granada",
    "Municipality": "Granada",
    "Program": "0",
    "facility": null
},
{
    "p_id": 166,
    "dept_tpop": 317923,
    "ADM0": "NIC",
    "Country": "Nicaragua",
    "Department": "Leon",
    "Municipality": "Leon",
    "Program": "0",
    "facility": null
},
{
    "p_id": 167,
    "dept_tpop": 139701,
    "ADM0": "NIC",
    "Country": "Nicaragua",
    "Department": "Masaya",
    "Municipality": "Masaya",
    "Program": "0",
    "facility": null
},
{
    "p_id": 168,
    "dept_tpop": 73897,
    "ADM0": "NIC",
    "Country": "Nicaragua",
    "Department": "Rivas",
    "Municipality": "Rivas",
    "Program": "0",
    "facility": null
},
{
    "p_id": 169,
    "dept_tpop": 319132,
    "ADM0": "NIC",
    "Country": "Nicaragua",
    "Department": "Matagalpa",
    "Municipality": "San Isidro",
    "Program": "0",
    "facility": null
},
{
    "p_id": 170,
    "dept_tpop": 35000,
    "ADM0": "NIC",
    "Country": "Nicaragua",
    "Department": "Madriz",
    "Municipality": "Somoto",
    "Program": "0",
    "facility": null
},
{
    "p_id": 171,
    "dept_tpop": 236513,
    "ADM0": "NIC",
    "Country": "Nicaragua",
    "Department": "Jinotega",
    "Municipality": "Wiwili",
    "Program": "0",
    "facility": null
},
{
    "p_id": 172,
    "dept_tpop": null,
    "ADM0": "HND",
    "Country": "Honduras",
    "Department": "FRANCISCO MORAZAN",
    "Municipality": "DISTRITO CENTRAL (TEGUCIGALPA Y COMAYAGUELA)",
    "Program": "ASSIST",
    "facility": null
},
{
    "p_id": 173,
    "dept_tpop": null,
    "ADM0": "HND",
    "Country": "Honduras",
    "Department": "CORTES",
    "Municipality": "SAN PEDRO SULA",
    "Program": "ASSIST",
    "facility": null
},
{
    "p_id": 174,
    "dept_tpop": null,
    "ADM0": "HND",
    "Country": "Honduras",
    "Department": "CORTES",
    "Municipality": "CHOLOMA",
    "Program": "ASSIST",
    "facility": null
},
{
    "p_id": 175,
    "dept_tpop": null,
    "ADM0": "HND",
    "Country": "Honduras",
    "Department": "CORTES",
    "Municipality": "VILLANUEVA",
    "Program": "ASSIST",
    "facility": null
},
{
    "p_id": 176,
    "dept_tpop": null,
    "ADM0": "HND",
    "Country": "Honduras",
    "Department": "CORTES",
    "Municipality": "PUERTO CORTES",
    "Program": "ASSIST",
    "facility": null
},
{
    "p_id": 177,
    "dept_tpop": null,
    "ADM0": "HND",
    "Country": "Honduras",
    "Department": "YORO",
    "Municipality": "EL PROGRESO",
    "Program": "ASSIST",
    "facility": null
},
{
    "p_id": 178,
    "dept_tpop": null,
    "ADM0": "HND",
    "Country": "Honduras",
    "Department": "CHOLUTECA",
    "Municipality": "PESPIRE",
    "Program": "ASSIST",
    "facility": null
},
{
    "p_id": 179,
    "dept_tpop": null,
    "ADM0": "HND",
    "Country": "Honduras",
    "Department": "CHOLUTECA",
    "Municipality": "CHOLUTECA",
    "Program": "ASSIST",
    "facility": null
},
{
    "p_id": 180,
    "dept_tpop": null,
    "ADM0": "HND",
    "Country": "Honduras",
    "Department": "CHOLUTECA",
    "Municipality": "EL TRIUNFO",
    "Program": "ASSIST",
    "facility": null
},
{
    "p_id": 181,
    "dept_tpop": null,
    "ADM0": "HND",
    "Country": "Honduras",
    "Department": "CHOLUTECA",
    "Municipality": "SAN MARCOS DE COLON",
    "Program": "ASSIST",
    "facility": null
},
{
    "p_id": 182,
    "dept_tpop": null,
    "ADM0": "HND",
    "Country": "Honduras",
    "Department": "ATLANTIDA",
    "Municipality": "LA CEIBA",
    "Program": "ASSIST",
    "facility": null
},
{
    "p_id": 183,
    "dept_tpop": null,
    "ADM0": "HND",
    "Country": "Honduras",
    "Department": "ATLANTIDA",
    "Municipality": "TELA",
    "Program": "ASSIST",
    "facility": null
},
{
    "p_id": 184,
    "dept_tpop": null,
    "ADM0": "HND",
    "Country": "Honduras",
    "Department": "SANTA BARBARA",
    "Municipality": "QUIMISTAN",
    "Program": "ASSIST",
    "facility": null
},
{
    "p_id": 185,
    "dept_tpop": null,
    "ADM0": "HND",
    "Country": "Honduras",
    "Department": "EL PARAISO",
    "Municipality": "DANLI",
    "Program": "ASSIST",
    "facility": null
},
{
    "p_id": 186,
    "dept_tpop": null,
    "ADM0": "HND",
    "Country": "Honduras",
    "Department": "EL PARAISO",
    "Municipality": "JACALEAPA",
    "Program": "ASSIST",
    "facility": null
},
{
    "p_id": 187,
    "dept_tpop": null,
    "ADM0": "HND",
    "Country": "Honduras",
    "Department": "OLANCHO",
    "Municipality": "JUTICALPA",
    "Program": "ASSIST",
    "facility": null
},
{
    "p_id": 188,
    "dept_tpop": null,
    "ADM0": "HND",
    "Country": "Honduras",
    "Department": "OLANCHO",
    "Municipality": "CATACAMAS",
    "Program": "ASSIST",
    "facility": null
},
{
    "p_id": 189,
    "dept_tpop": null,
    "ADM0": "DOM",
    "Country": "Dominican Republic",
    "Department": "Puerto Plata",
    "Municipality": "San Felipe de Puerto Plata",
    "Program": "ASSIST",
    "facility": null
},
{
    "p_id": 190,
    "dept_tpop": null,
    "ADM0": "DOM",
    "Country": "Dominican Republic",
    "Department": "Santiago",
    "Municipality": "Santiago",
    "Program": "ASSIST",
    "facility": null
},
{
    "p_id": 191,
    "dept_tpop": null,
    "ADM0": "DOM",
    "Country": "Dominican Republic",
    "Department": "Azua",
    "Municipality": "Azua de Compostela",
    "Program": "ASSIST",
    "facility": null
},
{
    "p_id": 192,
    "dept_tpop": null,
    "ADM0": "DOM",
    "Country": "Dominican Republic",
    "Department": "San Cristóbal",
    "Municipality": "San Cristóbal",
    "Program": "ASSIST",
    "facility": null
},
{
    "p_id": 193,
    "dept_tpop": null,
    "ADM0": "DOM",
    "Country": "Dominican Republic",
    "Department": "Santo Domingo",
    "Municipality": "Distrito Nacional",
    "Program": "ASSIST",
    "facility": null
},
{
    "p_id": 194,
    "dept_tpop": null,
    "ADM0": "DOM",
    "Country": "Dominican Republic",
    "Department": "Santo Domingo",
    "Municipality": "Santo Domingo Este",
    "Program": "ASSIST",
    "facility": null
},
{
    "p_id": 195,
    "dept_tpop": null,
    "ADM0": "DOM",
    "Country": "Dominican Republic",
    "Department": "Santo Domingo",
    "Municipality": "Santo Domingo Norte",
    "Program": "ASSIST",
    "facility": null
},
{
    "p_id": 196,
    "dept_tpop": null,
    "ADM0": "DOM",
    "Country": "Dominican Republic",
    "Department": "Santo Domingo",
    "Municipality": "Santo Domingo Oeste",
    "Program": "ASSIST",
    "facility": null
},
{
    "p_id": 197,
    "dept_tpop": null,
    "ADM0": "DOM",
    "Country": "Dominican Republic",
    "Department": "Santo Domingo",
    "Municipality": "Los Alcarrizos",
    "Program": "ASSIST",
    "facility": null
},
{
    "p_id": 198,
    "dept_tpop": null,
    "ADM0": "DOM",
    "Country": "Dominican Republic",
    "Department": "Monte Plata",
    "Municipality": "Monte Plata",
    "Program": "ASSIST",
    "facility": null
},
{
    "p_id": 199,
    "dept_tpop": null,
    "ADM0": "DOM",
    "Country": "Dominican Republic",
    "Department": "San Juan",
    "Municipality": "San Juan de la Maguana",
    "Program": "ASSIST",
    "facility": null
},
{
    "p_id": 200,
    "dept_tpop": null,
    "ADM0": "DOM",
    "Country": "Dominican Republic",
    "Department": "Barahona",
    "Municipality": "Santa Cruz de Barahona",
    "Program": "ASSIST",
    "facility": null
},
{
    "p_id": 201,
    "dept_tpop": null,
    "ADM0": "DOM",
    "Country": "Dominican Republic",
    "Department": "Bahoruco",
    "Municipality": "Neyba",
    "Program": "ASSIST",
    "facility": null
},
{
    "p_id": 202,
    "dept_tpop": null,
    "ADM0": "DOM",
    "Country": "Dominican Republic",
    "Department": "Independencia",
    "Municipality": "Jimaní",
    "Program": "ASSIST",
    "facility": null
},
{
    "p_id": 203,
    "dept_tpop": null,
    "ADM0": "DOM",
    "Country": "Dominican Republic",
    "Department": "Duarte*",
    "Municipality": "San Francisco de Macorís",
    "Program": "ASSIST",
    "facility": null
},
{
    "p_id": 204,
    "dept_tpop": null,
    "ADM0": "SLV",
    "Country": "El Salvador",
    "Department": "CHALATENANGO",
    "Municipality": "Nueva Concepción",
    "Program": "ASSIST",
    "facility": null
},
{
    "p_id": 205,
    "dept_tpop": null,
    "ADM0": "SLV",
    "Country": "El Salvador",
    "Department": "CHALATENANGO",
    "Municipality": "Chalatenango",
    "Program": "ASSIST",
    "facility": null
},
{
    "p_id": 206,
    "dept_tpop": null,
    "ADM0": "SLV",
    "Country": "El Salvador",
    "Department": "CHALATENANGO",
    "Municipality": "Concepción Quezaltepeque",
    "Program": "ASSIST",
    "facility": null
},
{
    "p_id": 207,
    "dept_tpop": null,
    "ADM0": "SLV",
    "Country": "El Salvador",
    "Department": "CHALATENANGO",
    "Municipality": "Comalapa",
    "Program": "ASSIST",
    "facility": null
},
{
    "p_id": 208,
    "dept_tpop": null,
    "ADM0": "SLV",
    "Country": "El Salvador",
    "Department": "CHALATENANGO",
    "Municipality": "El Carrizal",
    "Program": "ASSIST",
    "facility": null
},
{
    "p_id": 209,
    "dept_tpop": null,
    "ADM0": "SLV",
    "Country": "El Salvador",
    "Department": "CHALATENANGO",
    "Municipality": "San Luis del Carmen",
    "Program": "ASSIST",
    "facility": null
},
{
    "p_id": 210,
    "dept_tpop": null,
    "ADM0": "SLV",
    "Country": "El Salvador",
    "Department": "CHALATENANGO",
    "Municipality": "San Antonio Los Ranchos",
    "Program": "ASSIST",
    "facility": null
},
{
    "p_id": 211,
    "dept_tpop": null,
    "ADM0": "SLV",
    "Country": "El Salvador",
    "Department": "CABAÑAS",
    "Municipality": "Sensuntepeque",
    "Program": "ASSIST",
    "facility": null
},
{
    "p_id": 212,
    "dept_tpop": null,
    "ADM0": "SLV",
    "Country": "El Salvador",
    "Department": "CABAÑAS",
    "Municipality": "Jutiapa",
    "Program": "ASSIST",
    "facility": null
},
{
    "p_id": 213,
    "dept_tpop": null,
    "ADM0": "SLV",
    "Country": "El Salvador",
    "Department": "CABAÑAS",
    "Municipality": "Tejutepeque",
    "Program": "ASSIST",
    "facility": null
},
{
    "p_id": 214,
    "dept_tpop": null,
    "ADM0": "SLV",
    "Country": "El Salvador",
    "Department": "CABAÑAS",
    "Municipality": "Ilobasco",
    "Program": "ASSIST",
    "facility": null
},
{
    "p_id": 215,
    "dept_tpop": null,
    "ADM0": "SLV",
    "Country": "El Salvador",
    "Department": "CABAÑAS",
    "Municipality": "San Isidro",
    "Program": "ASSIST",
    "facility": null
},
{
    "p_id": 216,
    "dept_tpop": null,
    "ADM0": "SLV",
    "Country": "El Salvador",
    "Department": "CABAÑAS",
    "Municipality": "Victoria",
    "Program": "ASSIST",
    "facility": null
},
{
    "p_id": 217,
    "dept_tpop": null,
    "ADM0": "SLV",
    "Country": "El Salvador",
    "Department": "CUSCATLAN",
    "Municipality": "Cojutepeque",
    "Program": "ASSIST",
    "facility": null
},
{
    "p_id": 218,
    "dept_tpop": null,
    "ADM0": "SLV",
    "Country": "El Salvador",
    "Department": "CUSCATLAN",
    "Municipality": "San Bartolomé Perulapía",
    "Program": "ASSIST",
    "facility": null
},
{
    "p_id": 219,
    "dept_tpop": null,
    "ADM0": "SLV",
    "Country": "El Salvador",
    "Department": "CUSCATLAN",
    "Municipality": "Candelaria",
    "Program": "ASSIST",
    "facility": null
},
{
    "p_id": 220,
    "dept_tpop": null,
    "ADM0": "SLV",
    "Country": "El Salvador",
    "Department": "CUSCATLAN",
    "Municipality": "San Rafael Cedros",
    "Program": "ASSIST",
    "facility": null
},
{
    "p_id": 221,
    "dept_tpop": null,
    "ADM0": "SLV",
    "Country": "El Salvador",
    "Department": "SAN VICENTE",
    "Municipality": "San Vicente",
    "Program": "ASSIST",
    "facility": null
},
{
    "p_id": 222,
    "dept_tpop": null,
    "ADM0": "SLV",
    "Country": "El Salvador",
    "Department": "SAN VICENTE",
    "Municipality": "Tecoluca",
    "Program": "ASSIST",
    "facility": null
},
{
    "p_id": 223,
    "dept_tpop": null,
    "ADM0": "SLV",
    "Country": "El Salvador",
    "Department": "SAN VICENTE",
    "Municipality": "San Esteban Catarina",
    "Program": "ASSIST",
    "facility": null
},
{
    "p_id": 224,
    "dept_tpop": null,
    "ADM0": "SLV",
    "Country": "El Salvador",
    "Department": "SAN VICENTE",
    "Municipality": "San Sebastián",
    "Program": "ASSIST",
    "facility": null
},
{
    "p_id": 225,
    "dept_tpop": null,
    "ADM0": "SLV",
    "Country": "El Salvador",
    "Department": "SAN VICENTE",
    "Municipality": "San Ildefonso",
    "Program": "ASSIST",
    "facility": null
},
{
    "p_id": 226,
    "dept_tpop": null,
    "ADM0": "SLV",
    "Country": "El Salvador",
    "Department": "SAN SALVADOR",
    "Municipality": "Ilopango",
    "Program": "ASSIST",
    "facility": null
},
{
    "p_id": 227,
    "dept_tpop": null,
    "ADM0": "SLV",
    "Country": "El Salvador",
    "Department": "SAN SALVADOR",
    "Municipality": "Panchimalco",
    "Program": "ASSIST",
    "facility": null
},
{
    "p_id": 228,
    "dept_tpop": null,
    "ADM0": "GTM",
    "Country": "Guatemala",
    "Department": "Escuintla",
    "Municipality": "Escuintla",
    "Program": "ASSIST",
    "facility": "Hospital Regional De Escuintla"
},
{
    "p_id": 229,
    "dept_tpop": null,
    "ADM0": "GTM",
    "Country": "Guatemala",
    "Department": "Izabal",
    "Municipality": "Livingston",
    "Program": "ASSIST",
    "facility": "(Caimi) Livingston"
},
{
    "p_id": 230,
    "dept_tpop": null,
    "ADM0": "GTM",
    "Country": "Guatemala",
    "Department": "Izabal",
    "Municipality": "Puerto Barrios",
    "Program": "ASSIST",
    "facility": "(C/S) Puerto Barrios,(C/S) Santo Tomás De Castilla"
},
{
    "p_id": 231,
    "dept_tpop": null,
    "ADM0": "GTM",
    "Country": "Guatemala",
    "Department": "Quetzaltenango",
    "Municipality": "Coatepeque",
    "Program": "ASSIST",
    "facility": "(C/S) Coatepeque,(Cap) Las Palmas"
},
{
    "p_id": 232,
    "dept_tpop": null,
    "ADM0": "GTM",
    "Country": "Guatemala",
    "Department": "Quetzaltenango",
    "Municipality": "Colomba",
    "Program": "ASSIST",
    "facility": "(Cap) Colomba"
},
{
    "p_id": 233,
    "dept_tpop": null,
    "ADM0": "GTM",
    "Country": "Guatemala",
    "Department": "Quetzaltenango",
    "Municipality": "El Palmar",
    "Program": "ASSIST",
    "facility": "(Cap) El Palmar"
},
{
    "p_id": 234,
    "dept_tpop": null,
    "ADM0": "GTM",
    "Country": "Guatemala",
    "Department": "Quetzaltenango",
    "Municipality": "Flores Costa Cuca",
    "Program": "ASSIST",
    "facility": "(Cap) Flores Costa Cuca"
},
{
    "p_id": 235,
    "dept_tpop": null,
    "ADM0": "GTM",
    "Country": "Guatemala",
    "Department": "Suchitepéquez",
    "Municipality": "Patulul",
    "Program": "ASSIST",
    "facility": "(Cap) Patulul"
},
{
    "p_id": 236,
    "dept_tpop": null,
    "ADM0": "GTM",
    "Country": "Guatemala",
    "Department": "Suchitepéquez",
    "Municipality": "Santo Domingo Suchitepéquez",
    "Program": "ASSIST",
    "facility": "(Cenapa) Santo Domingo Suchitepéquez"
},
{
    "p_id": 237,
    "dept_tpop": null,
    "ADM0": "GTM",
    "Country": "Guatemala",
    "Department": "Suchitepéquez",
    "Municipality": "Santo Tomás la Unión",
    "Program": "ASSIST",
    "facility": "(C/S)  Santo Tomas La Unión"
},
{
    "p_id": 238,
    "dept_tpop": null,
    "ADM0": "GTM",
    "Country": "Guatemala",
    "Department": "Zacapa",
    "Municipality": "Gualán",
    "Program": "ASSIST",
    "facility": "(Cap) Gualán"
},
{
    "p_id": 239,
    "dept_tpop": null,
    "ADM0": "GTM",
    "Country": "Guatemala",
    "Department": "Zacapa",
    "Municipality": "Río Hondo",
    "Program": "ASSIST",
    "facility": "(C/S) Río Hondo"
},
{
    "p_id": 240,
    "dept_tpop": null,
    "ADM0": "GTM",
    "Country": "Guatemala",
    "Department": "Zacapa",
    "Municipality": "Teculután",
    "Program": "ASSIST",
    "facility": "(C/S) Teculután,(P/S) El Arco"
},
{
    "p_id": 241,
    "dept_tpop": null,
    "ADM0": "GTM",
    "Country": "Guatemala",
    "Department": "Zacapa",
    "Municipality": "Usumatlan",
    "Program": "ASSIST",
    "facility": "(C/S) Usumatlán"
},
{
    "p_id": 242,
    "dept_tpop": null,
    "ADM0": "GTM",
    "Country": "Guatemala",
    "Department": "Zacapa",
    "Municipality": "Zacapa",
    "Program": "ASSIST",
    "facility": "(P/S) Guineal,Hospital Regional De Zacapa"
}]